update_time,current_sensor_1,current_sensor_2,current_sensor_3,current_sensor_4,current_sensor_5,current_sensor_6,temperature_sensor_1,temperature_sensor_2,input_1,input_2,input_3,output_1,output_2,output_3,kWh
"19/11/2023, 07:50:35.650587",0.0,0.0,0.0,0.0,0.0,0.0,0.0,0.0,0,0,0,0,0,0,0.0
"19/11/2023, 07:50:36.310312",0.0,0.0,0.0,0.0,0.0,0.0,0.0,0.0,0,0,0,0,0,0,0.0
"19/11/2023, 07:50:36.878479",0.0,0.0,0.0,0.0,0.0,0.0,0.0,0.0,0,0,0,0,0,0,0.0
"19/11/2023, 07:50:37.445978",0.0,0.0,0.0,0.0,0.0,0.0,0.0,0.0,0,0,0,0,0,0,0.0
"19/11/2023, 07:50:38.013529",0.0,0.0,0.0,0.0,0.0,0.0,0.0,0.0,0,0,0,0,0,0,0.0
"19/11/2023, 07:50:38.580125",0.0,0.0,0.0,0.0,0.0,0.0,0.0,0.0,0,0,0,0,0,0,0.0
"19/11/2023, 07:50:39.147837",0.0,0.0,0.0,0.0,0.0,0.0,0.0,0.0,0,0,0,0,0,0,0.0
"19/11/2023, 07:50:39.715661",0.0,0.0,0.0,0.0,0.0,0.0,0.0,0.0,0,0,0,0,0,0,0.0
"19/11/2023, 07:50:40.283482",0.0,0.0,0.0,0.0,0.0,0.0,0.0,0.0,0,0,0,0,0,0,0.0
"19/11/2023, 07:50:40.850689",0.0,0.0,0.0,0.0,0.0,0.0,0.0,0.0,0,0,0,0,0,0,0.0
"19/11/2023, 07:50:41.417782",0.0,0.0,0.0,0.0,0.0,0.0,0.0,0.0,0,0,0,0,0,0,0.0
"19/11/2023, 07:50:41.986687",0.0,0.0,0.0,0.0,0.0,0.0,0.0,0.0,0,0,0,0,0,0,0.0
"19/11/2023, 07:50:42.554610",0.0,0.0,0.0,0.0,0.0,0.0,0.0,0.0,0,0,0,0,0,0,0.0
"19/11/2023, 07:50:43.122806",0.0,0.0,0.0,0.0,0.0,0.0,0.0,0.0,0,0,0,0,0,0,0.0
"19/11/2023, 07:50:43.974680",0.0,0.0,0.0,0.0,0.0,0.0,0.0,0.0,0,0,0,0,0,0,0.0
"19/11/2023, 07:50:44.540930",0.0,0.0,0.0,0.0,0.0,0.0,0.0,0.0,0,0,0,0,0,0,0.0
"19/11/2023, 07:50:45.108675",0.0,0.0,0.0,0.0,0.0,0.0,0.0,0.0,0,0,0,0,0,0,0.0
"19/11/2023, 07:50:45.676786",0.0,0.0,0.0,0.0,0.0,0.0,0.0,0.0,0,0,0,0,0,0,0.0
"19/11/2023, 07:50:46.243694",0.0,0.0,0.0,0.0,0.0,0.0,0.0,0.0,0,0,0,0,0,0,0.0
"19/11/2023, 07:50:46.812961",0.0,0.0,0.0,0.0,0.0,0.0,0.0,0.0,0,0,0,0,0,0,0.0
"19/11/2023, 07:50:47.378593",0.0,0.0,0.0,0.0,0.0,0.0,0.0,0.0,0,0,0,0,0,0,0.0
"19/11/2023, 07:50:47.946663",0.0,0.0,0.0,0.0,0.0,0.0,0.0,0.0,0,0,0,0,0,0,0.0
"19/11/2023, 07:50:48.514861",0.0,0.0,0.0,0.0,0.0,0.0,0.0,0.0,0,0,0,0,0,0,0.0
"19/11/2023, 07:50:49.082195",0.0,0.0,0.0,0.0,0.0,0.0,0.0,0.0,0,0,0,0,0,0,0.0
"19/11/2023, 07:50:49.650565",0.0,0.0,0.0,0.0,0.0,0.0,0.0,0.0,0,0,0,0,0,0,0.0
"19/11/2023, 07:50:50.217371",0.0,0.0,0.0,0.0,0.0,0.0,0.0,0.0,0,0,0,0,0,0,0.0
"19/11/2023, 07:50:50.784154",0.0,0.0,0.0,0.0,0.0,0.0,0.0,0.0,0,0,0,0,0,0,0.0
"19/11/2023, 07:50:51.352476",0.0,0.0,0.0,0.0,0.0,0.0,0.0,0.0,0,0,0,0,0,0,0.0
"19/11/2023, 07:50:51.919853",0.0,0.0,0.0,0.0,0.0,0.0,0.0,0.0,0,0,0,0,0,0,0.0
"19/11/2023, 07:50:52.488421",0.0,0.0,0.0,0.0,0.0,0.0,0.0,0.0,0,0,0,0,0,0,0.0
"19/11/2023, 07:50:53.055894",0.0,0.0,0.0,0.0,0.0,0.0,0.0,0.0,0,0,0,0,0,0,0.0
"19/11/2023, 07:50:53.623902",0.0,0.0,0.0,0.0,0.0,0.0,0.0,0.0,0,0,0,0,0,0,0.0
"19/11/2023, 07:50:54.192344",0.0,0.0,0.0,0.0,0.0,0.0,0.0,0.0,0,0,0,0,0,0,0.0
"19/11/2023, 07:50:54.759349",0.0,0.0,0.0,0.0,0.0,0.0,0.0,0.0,0,0,0,0,0,0,0.0
"19/11/2023, 07:50:55.326240",0.0,0.0,0.0,0.0,0.0,0.0,0.0,0.0,0,0,0,0,0,0,0.0
"19/11/2023, 07:50:55.894230",0.0,0.0,0.0,0.0,0.0,0.0,0.0,0.0,0,0,0,0,0,0,0.0
"19/11/2023, 07:50:56.461986",0.0,0.0,0.0,0.0,0.0,0.0,0.0,0.0,0,0,0,0,0,0,0.0
"19/11/2023, 07:50:57.029233",0.0,0.0,0.0,0.0,0.0,0.0,0.0,0.0,0,0,0,0,0,0,0.0
"19/11/2023, 07:50:57.597169",0.0,0.0,0.0,0.0,0.0,0.0,0.0,0.0,0,0,0,0,0,0,0.0
"19/11/2023, 07:50:58.164748",0.0,0.0,0.0,0.0,0.0,0.0,0.0,0.0,0,0,0,0,0,0,0.0
"19/11/2023, 07:50:58.733167",0.0,0.0,0.0,0.0,0.0,0.0,0.0,0.0,0,0,0,0,0,0,0.0
"19/11/2023, 07:50:59.300622",0.0,0.0,0.0,0.0,0.0,0.0,0.0,0.0,0,0,0,0,0,0,0.0
"19/11/2023, 07:50:59.866867",0.0,0.0,0.0,0.0,0.0,0.0,0.0,0.0,0,0,0,0,0,0,0.0
"19/11/2023, 07:51:00.435471",0.0,0.0,0.0,0.0,0.0,0.0,0.0,0.0,0,0,0,0,0,0,0.0
"19/11/2023, 07:51:01.003589",0.0,0.0,0.0,0.0,0.0,0.0,0.0,0.0,0,0,0,0,0,0,0.0
"19/11/2023, 07:51:01.571189",0.0,0.0,0.0,0.0,0.0,0.0,0.0,0.0,0,0,0,0,0,0,0.0
"19/11/2023, 07:51:02.138270",0.0,0.0,0.0,0.0,0.0,0.0,0.0,0.0,0,0,0,0,0,0,0.0
"19/11/2023, 07:51:02.990466",0.0,0.0,0.0,0.0,0.0,0.0,0.0,0.0,0,0,0,0,0,0,0.0
"19/11/2023, 07:51:03.557676",0.0,0.0,0.0,0.0,0.0,0.0,0.0,0.0,0,0,0,0,0,0,0.0
"19/11/2023, 07:51:04.126204",0.0,0.0,0.0,0.0,0.0,0.0,0.0,0.0,0,0,0,0,0,0,0.0
"19/11/2023, 07:51:04.693476",0.0,0.0,0.0,0.0,0.0,0.0,0.0,0.0,0,0,0,0,0,0,0.0
"19/11/2023, 07:51:05.261685",0.0,0.0,0.0,0.0,0.0,0.0,0.0,0.0,0,0,0,0,0,0,0.0
"19/11/2023, 07:51:05.828263",0.0,0.0,0.0,0.0,0.0,0.0,0.0,0.0,0,0,0,0,0,0,0.0
"19/11/2023, 07:51:06.395621",0.0,0.0,0.0,0.0,0.0,0.0,0.0,0.0,0,0,0,0,0,0,0.0
"19/11/2023, 07:51:06.964247",0.0,0.0,0.0,0.0,0.0,0.0,0.0,0.0,0,0,0,0,0,0,0.0
"19/11/2023, 07:51:07.530007",0.0,0.0,0.0,0.0,0.0,0.0,0.0,0.0,0,0,0,0,0,0,0.0
"19/11/2023, 07:51:08.098208",0.0,0.0,0.0,0.0,0.0,0.0,0.0,0.0,0,0,0,0,0,0,0.0
"19/11/2023, 07:51:08.666398",0.0,0.0,0.0,0.0,0.0,0.0,0.0,0.0,0,0,0,0,0,0,0.0
"19/11/2023, 07:51:09.233039",0.0,0.0,0.0,0.0,0.0,0.0,0.0,0.0,0,0,0,0,0,0,0.0
"19/11/2023, 07:51:09.801789",0.0,0.0,0.0,0.0,0.0,0.0,0.0,0.0,0,0,0,0,0,0,0.0
"19/11/2023, 07:51:10.368965",0.0,0.0,0.0,0.0,0.0,0.0,0.0,0.0,0,0,0,0,0,0,0.0
"19/11/2023, 07:51:10.936248",0.0,0.0,0.0,0.0,0.0,0.0,0.0,0.0,0,0,0,0,0,0,0.0
"19/11/2023, 07:51:11.504441",0.0,0.0,0.0,0.0,0.0,0.0,0.0,0.0,0,0,0,0,0,0,0.0
"19/11/2023, 07:51:12.071851",0.0,0.0,0.0,0.0,0.0,0.0,0.0,0.0,0,0,0,0,0,0,0.0
"19/11/2023, 07:51:12.639822",0.0,0.0,0.0,0.0,0.0,0.0,0.0,0.0,0,0,0,0,0,0,0.0
"19/11/2023, 07:51:13.207978",0.0,0.0,0.0,0.0,0.0,0.0,0.0,0.0,0,0,0,0,0,0,0.0
"19/11/2023, 07:51:13.774817",0.0,0.0,0.0,0.0,0.0,0.0,0.0,0.0,0,0,0,0,0,0,0.0
"19/11/2023, 07:51:14.343340",0.0,0.0,0.0,0.0,0.0,0.0,0.0,0.0,0,0,0,0,0,0,0.0
"19/11/2023, 07:51:14.910385",0.0,0.0,0.0,0.0,0.0,0.0,0.0,0.0,0,0,0,0,0,0,0.0
"19/11/2023, 07:51:15.477993",0.0,0.0,0.0,0.0,0.0,0.0,0.0,0.0,0,0,0,0,0,0,0.0
"19/11/2023, 07:51:16.046817",0.0,0.0,0.0,0.0,0.0,0.0,0.0,0.0,0,0,0,0,0,0,0.0
"19/11/2023, 07:51:16.613500",0.0,0.0,0.0,0.0,0.0,0.0,0.0,0.0,0,0,0,0,0,0,0.0
"19/11/2023, 07:51:17.181046",0.0,0.0,0.0,0.0,0.0,0.0,0.0,0.0,0,0,0,0,0,0,0.0
"19/11/2023, 07:51:17.748719",0.0,0.0,0.0,0.0,0.0,0.0,0.0,0.0,0,0,0,0,0,0,0.0
"19/11/2023, 07:51:18.315338",0.0,0.0,0.0,0.0,0.0,0.0,0.0,0.0,0,0,0,0,0,0,0.0
"19/11/2023, 07:51:18.884271",0.0,0.0,0.0,0.0,0.0,0.0,0.0,0.0,0,0,0,0,0,0,0.0
"19/11/2023, 07:51:19.451324",0.0,0.0,0.0,0.0,0.0,0.0,0.0,0.0,0,0,0,0,0,0,0.0
"19/11/2023, 07:51:20.018277",0.0,0.0,0.0,0.0,0.0,0.0,0.0,0.0,0,0,0,0,0,0,0.0
"19/11/2023, 07:51:20.586808",0.0,0.0,0.0,0.0,0.0,0.0,0.0,0.0,0,0,0,0,0,0,0.0
"19/11/2023, 07:51:21.155345",0.0,0.0,0.0,0.0,0.0,0.0,0.0,0.0,0,0,0,0,0,0,0.0
"19/11/2023, 07:51:21.723144",0.0,0.0,0.0,0.0,0.0,0.0,0.0,0.0,0,0,0,0,0,0,0.0
"19/11/2023, 07:51:22.291078",0.0,0.0,0.0,0.0,0.0,0.0,0.0,0.0,0,0,0,0,0,0,0.0
"19/11/2023, 07:51:22.857656",0.0,0.0,0.0,0.0,0.0,0.0,0.0,0.0,0,0,0,0,0,0,0.0
"19/11/2023, 07:51:23.426428",0.0,0.0,0.0,0.0,0.0,0.0,0.0,0.0,0,0,0,0,0,0,0.0
"19/11/2023, 07:51:23.993857",0.0,0.0,0.0,0.0,0.0,0.0,0.0,0.0,0,0,0,0,0,0,0.0
"19/11/2023, 07:51:24.560544",0.0,0.0,0.0,0.0,0.0,0.0,0.0,0.0,0,0,0,0,0,0,0.0
"19/11/2023, 07:51:25.128957",0.0,0.0,0.0,0.0,0.0,0.0,0.0,0.0,0,0,0,0,0,0,0.0
"19/11/2023, 07:51:25.696630",0.0,0.0,0.0,0.0,0.0,0.0,0.0,0.0,0,0,0,0,0,0,0.0
"19/11/2023, 07:51:26.265459",0.0,0.0,0.0,0.0,0.0,0.0,0.0,0.0,0,0,0,0,0,0,0.0
"19/11/2023, 07:51:26.831656",0.0,0.0,0.0,0.0,0.0,0.0,0.0,0.0,0,0,0,0,0,0,0.0
"19/11/2023, 07:51:27.399156",0.0,0.0,0.0,0.0,0.0,0.0,0.0,0.0,0,0,0,0,0,0,0.0
"19/11/2023, 07:51:27.968022",0.0,0.0,0.0,0.0,0.0,0.0,0.0,0.0,0,0,0,0,0,0,0.0
"19/11/2023, 07:51:28.535234",0.0,0.0,0.0,0.0,0.0,0.0,0.0,0.0,0,0,0,0,0,0,0.0
"19/11/2023, 07:51:29.103611",0.0,0.0,0.0,0.0,0.0,0.0,0.0,0.0,0,0,0,0,0,0,0.0
"19/11/2023, 07:51:29.671147",0.0,0.0,0.0,0.0,0.0,0.0,0.0,0.0,0,0,0,0,0,0,0.0
"19/11/2023, 07:51:30.238307",0.0,0.0,0.0,0.0,0.0,0.0,0.0,0.0,0,0,0,0,0,0,0.0
"19/11/2023, 07:51:30.806243",0.0,0.0,0.0,0.0,0.0,0.0,0.0,0.0,0,0,0,0,0,0,0.0
"19/11/2023, 07:51:31.373250",0.0,0.0,0.0,0.0,0.0,0.0,0.0,0.0,0,0,0,0,0,0,0.0
"19/11/2023, 07:51:31.940901",0.0,0.0,0.0,0.0,0.0,0.0,0.0,0.0,0,0,0,0,0,0,0.0
"19/11/2023, 07:51:32.508566",0.0,0.0,0.0,0.0,0.0,0.0,0.0,0.0,0,0,0,0,0,0,0.0
"19/11/2023, 07:51:33.076236",0.0,0.0,0.0,0.0,0.0,0.0,0.0,0.0,0,0,0,0,0,0,0.0
"19/11/2023, 07:51:33.644575",0.0,0.0,0.0,0.0,0.0,0.0,0.0,0.0,0,0,0,0,0,0,0.0
"19/11/2023, 07:51:34.211380",0.0,0.0,0.0,0.0,0.0,0.0,0.0,0.0,0,0,0,0,0,0,0.0
"19/11/2023, 07:51:34.778875",0.0,0.0,0.0,0.0,0.0,0.0,0.0,0.0,0,0,0,0,0,0,0.0
"19/11/2023, 07:51:35.346593",0.0,0.0,0.0,0.0,0.0,0.0,0.0,0.0,0,0,0,0,0,0,0.0
"19/11/2023, 07:51:35.914149",0.0,0.0,0.0,0.0,0.0,0.0,0.0,0.0,0,0,0,0,0,0,0.0
"19/11/2023, 07:51:36.482810",0.0,0.0,0.0,0.0,0.0,0.0,0.0,0.0,0,0,0,0,0,0,0.0
"19/11/2023, 07:51:37.050519",0.0,0.0,0.0,0.0,0.0,0.0,0.0,0.0,0,0,0,0,0,0,0.0
"19/11/2023, 07:51:37.618470",0.0,0.0,0.0,0.0,0.0,0.0,0.0,0.0,0,0,0,0,0,0,0.0
"19/11/2023, 07:51:38.186802",0.0,0.0,0.0,0.0,0.0,0.0,0.0,0.0,0,0,0,0,0,0,0.0
"19/11/2023, 07:51:38.754221",0.0,0.0,0.0,0.0,0.0,0.0,0.0,0.0,0,0,0,0,0,0,0.0
"19/11/2023, 07:51:39.604899",0.0,0.0,0.0,0.0,0.0,0.0,0.0,0.0,0,0,0,0,0,0,0.0
"19/11/2023, 07:51:40.173566",0.0,0.0,0.0,0.0,0.0,0.0,0.0,0.0,0,0,0,0,0,0,0.0
"19/11/2023, 07:51:40.740530",0.0,0.0,0.0,0.0,0.0,0.0,0.0,0.0,0,0,0,0,0,0,0.0
"19/11/2023, 07:51:41.308181",0.0,0.0,0.0,0.0,0.0,0.0,0.0,0.0,0,0,0,0,0,0,0.0
"19/11/2023, 07:51:41.876996",0.0,0.0,0.0,0.0,0.0,0.0,0.0,0.0,0,0,0,0,0,0,0.0
"19/11/2023, 07:51:42.442505",0.0,0.0,0.0,0.0,0.0,0.0,0.0,0.0,0,0,0,0,0,0,0.0
"19/11/2023, 07:51:43.010224",0.0,0.0,0.0,0.0,0.0,0.0,0.0,0.0,0,0,0,0,0,0,0.0
"19/11/2023, 07:51:43.578958",0.0,0.0,0.0,0.0,0.0,0.0,0.0,0.0,0,0,0,0,0,0,0.0
"19/11/2023, 07:51:44.146257",0.0,0.0,0.0,0.0,0.0,0.0,0.0,0.0,0,0,0,0,0,0,0.0
"19/11/2023, 07:51:44.715347",0.0,0.0,0.0,0.0,0.0,0.0,0.0,0.0,0,0,0,0,0,0,0.0
"19/11/2023, 07:51:45.281861",0.0,0.0,0.0,0.0,0.0,0.0,0.0,0.0,0,0,0,0,0,0,0.0
"19/11/2023, 07:51:45.848919",0.0,0.0,0.0,0.0,0.0,0.0,0.0,0.0,0,0,0,0,0,0,0.0
"19/11/2023, 07:51:46.416935",0.0,0.0,0.0,0.0,0.0,0.0,0.0,0.0,0,0,0,0,0,0,0.0
"19/11/2023, 07:51:46.984833",0.0,0.0,0.0,0.0,0.0,0.0,0.0,0.0,0,0,0,0,0,0,0.0
"19/11/2023, 07:51:47.553140",0.0,0.0,0.0,0.0,0.0,0.0,0.0,0.0,0,0,0,0,0,0,0.0
"19/11/2023, 07:51:48.121289",0.0,0.0,0.0,0.0,0.0,0.0,0.0,0.0,0,0,0,0,0,0,0.0
"19/11/2023, 07:51:48.688607",0.0,0.0,0.0,0.0,0.0,0.0,0.0,0.0,0,0,0,0,0,0,0.0
"19/11/2023, 07:51:49.256387",0.0,0.0,0.0,0.0,0.0,0.0,0.0,0.0,0,0,0,0,0,0,0.0
"19/11/2023, 07:51:49.823167",0.0,0.0,0.0,0.0,0.0,0.0,0.0,0.0,0,0,0,0,0,0,0.0
"19/11/2023, 07:51:50.390198",0.0,0.0,0.0,0.0,0.0,0.0,0.0,0.0,0,0,0,0,0,0,0.0
"19/11/2023, 07:51:50.958299",0.0,0.0,0.0,0.0,0.0,0.0,0.0,0.0,0,0,0,0,0,0,0.0
"19/11/2023, 07:51:51.525629",0.0,0.0,0.0,0.0,0.0,0.0,0.0,0.0,0,0,0,0,0,0,0.0
"19/11/2023, 07:51:52.093808",0.0,0.0,0.0,0.0,0.0,0.0,0.0,0.0,0,0,0,0,0,0,0.0
"19/11/2023, 07:51:52.660889",0.0,0.0,0.0,0.0,0.0,0.0,0.0,0.0,0,0,0,0,0,0,0.0
"19/11/2023, 07:51:53.228438",0.0,0.0,0.0,0.0,0.0,0.0,0.0,0.0,0,0,0,0,0,0,0.0
"19/11/2023, 07:51:53.796958",0.0,0.0,0.0,0.0,0.0,0.0,0.0,0.0,0,0,0,0,0,0,0.0
"19/11/2023, 07:51:54.364760",0.0,0.0,0.0,0.0,0.0,0.0,0.0,0.0,0,0,0,0,0,0,0.0
"19/11/2023, 07:51:54.931556",0.0,0.0,0.0,0.0,0.0,0.0,0.0,0.0,0,0,0,0,0,0,0.0
"19/11/2023, 07:51:55.500119",0.0,0.0,0.0,0.0,0.0,0.0,0.0,0.0,0,0,0,0,0,0,0.0
"19/11/2023, 07:51:56.067343",0.0,0.0,0.0,0.0,0.0,0.0,0.0,0.0,0,0,0,0,0,0,0.0
"19/11/2023, 07:51:56.635674",0.0,0.0,0.0,0.0,0.0,0.0,0.0,0.0,0,0,0,0,0,0,0.0
"19/11/2023, 07:51:57.202118",0.0,0.0,0.0,0.0,0.0,0.0,0.0,0.0,0,0,0,0,0,0,0.0
"19/11/2023, 07:51:57.769624",0.0,0.0,0.0,0.0,0.0,0.0,0.0,0.0,0,0,0,0,0,0,0.0
"19/11/2023, 07:51:58.338551",0.0,0.0,0.0,0.0,0.0,0.0,0.0,0.0,0,0,0,0,0,0,0.0
"19/11/2023, 07:51:58.906174",0.0,0.0,0.0,0.0,0.0,0.0,0.0,0.0,0,0,0,0,0,0,0.0
"19/11/2023, 07:51:59.474062",0.0,0.0,0.0,0.0,0.0,0.0,0.0,0.0,0,0,0,0,0,0,0.0
"19/11/2023, 07:52:00.041516",0.0,0.0,0.0,0.0,0.0,0.0,0.0,0.0,0,0,0,0,0,0,0.0
"19/11/2023, 07:52:00.608454",0.0,0.0,0.0,0.0,0.0,0.0,0.0,0.0,0,0,0,0,0,0,0.0
"19/11/2023, 07:52:01.175749",0.0,0.0,0.0,0.0,0.0,0.0,0.0,0.0,0,0,0,0,0,0,0.0
"19/11/2023, 07:52:01.743580",0.0,0.0,0.0,0.0,0.0,0.0,0.0,0.0,0,0,0,0,0,0,0.0
"19/11/2023, 07:52:02.311829",0.0,0.0,0.0,0.0,0.0,0.0,0.0,0.0,0,0,0,0,0,0,0.0
"19/11/2023, 07:52:02.879428",0.0,0.0,0.0,0.0,0.0,0.0,0.0,0.0,0,0,0,0,0,0,0.0
"19/11/2023, 07:52:03.447679",0.0,0.0,0.0,0.0,0.0,0.0,0.0,0.0,0,0,0,0,0,0,0.0
"19/11/2023, 07:52:04.015642",0.0,0.0,0.0,0.0,0.0,0.0,0.0,0.0,0,0,0,0,0,0,0.0
"19/11/2023, 07:52:04.583146",0.0,0.0,0.0,0.0,0.0,0.0,0.0,0.0,0,0,0,0,0,0,0.0
"19/11/2023, 07:52:05.149927",0.0,0.0,0.0,0.0,0.0,0.0,0.0,0.0,0,0,0,0,0,0,0.0
"19/11/2023, 07:52:05.718870",0.0,0.0,0.0,0.0,0.0,0.0,0.0,0.0,0,0,0,0,0,0,0.0
"19/11/2023, 07:52:06.285480",0.0,0.0,0.0,0.0,0.0,0.0,0.0,0.0,0,0,0,0,0,0,0.0
"19/11/2023, 07:52:06.853271",0.0,0.0,0.0,0.0,0.0,0.0,0.0,0.0,0,0,0,0,0,0,0.0
"19/11/2023, 07:52:07.421776",0.0,0.0,0.0,0.0,0.0,0.0,0.0,0.0,0,0,0,0,0,0,0.0
"19/11/2023, 07:52:07.988208",0.0,0.0,0.0,0.0,0.0,0.0,0.0,0.0,0,0,0,0,0,0,0.0
"19/11/2023, 07:52:08.556497",0.0,0.0,0.0,0.0,0.0,0.0,0.0,0.0,0,0,0,0,0,0,0.0
"19/11/2023, 07:52:09.123938",0.0,0.0,0.0,0.0,0.0,0.0,0.0,0.0,0,0,0,0,0,0,0.0
"19/11/2023, 07:52:09.691680",0.0,0.0,0.0,0.0,0.0,0.0,0.0,0.0,0,0,0,0,0,0,0.0
"19/11/2023, 07:52:10.259480",0.0,0.0,0.0,0.0,0.0,0.0,0.0,0.0,0,0,0,0,0,0,0.0
"19/11/2023, 07:52:10.826837",0.0,0.0,0.0,0.0,0.0,0.0,0.0,0.0,0,0,0,0,0,0,0.0
"19/11/2023, 07:52:11.394939",0.0,0.0,0.0,0.0,0.0,0.0,0.0,0.0,0,0,0,0,0,0,0.0
"19/11/2023, 07:52:11.961865",0.0,0.0,0.0,0.0,0.0,0.0,0.0,0.0,0,0,0,0,0,0,0.0
"19/11/2023, 07:52:12.530117",0.0,0.0,0.0,0.0,0.0,0.0,0.0,0.0,0,0,0,0,0,0,0.0
"19/11/2023, 07:52:13.098371",0.0,0.0,0.0,0.0,0.0,0.0,0.0,0.0,0,0,0,0,0,0,0.0
"19/11/2023, 07:52:13.665688",0.0,0.0,0.0,0.0,0.0,0.0,0.0,0.0,0,0,0,0,0,0,0.0
"19/11/2023, 07:52:14.232599",0.0,0.0,0.0,0.0,0.0,0.0,0.0,0.0,0,0,0,0,0,0,0.0
"19/11/2023, 07:52:14.799505",0.0,0.0,0.0,0.0,0.0,0.0,0.0,0.0,0,0,0,0,0,0,0.0
"19/11/2023, 07:52:15.367790",0.0,0.0,0.0,0.0,0.0,0.0,0.0,0.0,0,0,0,0,0,0,0.0
"19/11/2023, 07:52:15.937303",0.0,0.0,0.0,0.0,0.0,0.0,0.0,0.0,0,0,0,0,0,0,0.0
"19/11/2023, 07:52:16.503559",0.0,0.0,0.0,0.0,0.0,0.0,0.0,0.0,0,0,0,0,0,0,0.0
"19/11/2023, 07:52:17.070551",0.0,0.0,0.0,0.0,0.0,0.0,0.0,0.0,0,0,0,0,0,0,0.0
"19/11/2023, 07:52:17.638158",0.0,0.0,0.0,0.0,0.0,0.0,0.0,0.0,0,0,0,0,0,0,0.0
"19/11/2023, 07:52:18.206598",0.0,0.0,0.0,0.0,0.0,0.0,0.0,0.0,0,0,0,0,0,0,0.0
"19/11/2023, 07:52:18.774610",0.0,0.0,0.0,0.0,0.0,0.0,0.0,0.0,0,0,0,0,0,0,0.0
"19/11/2023, 07:52:19.343141",0.0,0.0,0.0,0.0,0.0,0.0,0.0,0.0,0,0,0,0,0,0,0.0
"19/11/2023, 07:52:19.908855",0.0,0.0,0.0,0.0,0.0,0.0,0.0,0.0,0,0,0,0,0,0,0.0
"19/11/2023, 07:52:20.477259",0.0,0.0,0.0,0.0,0.0,0.0,0.0,0.0,0,0,0,0,0,0,0.0
"19/11/2023, 07:52:21.044556",0.0,0.0,0.0,0.0,0.0,0.0,0.0,0.0,0,0,0,0,0,0,0.0
"19/11/2023, 07:52:21.611939",0.0,0.0,0.0,0.0,0.0,0.0,0.0,0.0,0,0,0,0,0,0,0.0
"19/11/2023, 07:52:22.180159",0.0,0.0,0.0,0.0,0.0,0.0,0.0,0.0,0,0,0,0,0,0,0.0
"19/11/2023, 07:52:22.747560",0.0,0.0,0.0,0.0,0.0,0.0,0.0,0.0,0,0,0,0,0,0,0.0
"19/11/2023, 07:52:23.316334",0.0,0.0,0.0,0.0,0.0,0.0,0.0,0.0,0,0,0,0,0,0,0.0
"19/11/2023, 07:52:23.882090",0.0,0.0,0.0,0.0,0.0,0.0,0.0,0.0,0,0,0,0,0,0,0.0
"19/11/2023, 07:52:24.450165",0.0,0.0,0.0,0.0,0.0,0.0,0.0,0.0,0,0,0,0,0,0,0.0
"19/11/2023, 07:52:25.019429",0.0,0.0,0.0,0.0,0.0,0.0,0.0,0.0,0,0,0,0,0,0,0.0
"19/11/2023, 07:52:25.585548",0.0,0.0,0.0,0.0,0.0,0.0,0.0,0.0,0,0,0,0,0,0,0.0
"19/11/2023, 07:52:26.154603",0.0,0.0,0.0,0.0,0.0,0.0,0.0,0.0,0,0,0,0,0,0,0.0
"19/11/2023, 07:52:26.721795",0.0,0.0,0.0,0.0,0.0,0.0,0.0,0.0,0,0,0,0,0,0,0.0
"19/11/2023, 07:52:27.288760",0.0,0.0,0.0,0.0,0.0,0.0,0.0,0.0,0,0,0,0,0,0,0.0
"19/11/2023, 07:52:27.857245",0.0,0.0,0.0,0.0,0.0,0.0,0.0,0.0,0,0,0,0,0,0,0.0
"19/11/2023, 07:52:28.424588",0.0,0.0,0.0,0.0,0.0,0.0,0.0,0.0,0,0,0,0,0,0,0.0
"19/11/2023, 07:52:28.991432",0.0,0.0,0.0,0.0,0.0,0.0,0.0,0.0,0,0,0,0,0,0,0.0
"19/11/2023, 07:52:29.558952",0.0,0.0,0.0,0.0,0.0,0.0,0.0,0.0,0,0,0,0,0,0,0.0
"19/11/2023, 07:52:30.126102",0.0,0.0,0.0,0.0,0.0,0.0,0.0,0.0,0,0,0,0,0,0,0.0
"19/11/2023, 07:52:30.695741",0.0,0.0,0.0,0.0,0.0,0.0,0.0,0.0,0,0,0,0,0,0,0.0
"19/11/2023, 07:52:31.262581",0.0,0.0,0.0,0.0,0.0,0.0,0.0,0.0,0,0,0,0,0,0,0.0
"19/11/2023, 07:52:31.829829",0.0,0.0,0.0,0.0,0.0,0.0,0.0,0.0,0,0,0,0,0,0,0.0
"19/11/2023, 07:52:32.398750",0.0,0.0,0.0,0.0,0.0,0.0,0.0,0.0,0,0,0,0,0,0,0.0
"19/11/2023, 07:52:32.965894",0.0,0.0,0.0,0.0,0.0,0.0,0.0,0.0,0,0,0,0,0,0,0.0
"19/11/2023, 07:52:33.531790",0.0,0.0,0.0,0.0,0.0,0.0,0.0,0.0,0,0,0,0,0,0,0.0
"19/11/2023, 07:52:34.100241",0.0,0.0,0.0,0.0,0.0,0.0,0.0,0.0,0,0,0,0,0,0,0.0
"19/11/2023, 07:52:34.667200",0.0,0.0,0.0,0.0,0.0,0.0,0.0,0.0,0,0,0,0,0,0,0.0
"19/11/2023, 07:52:35.236346",0.0,0.0,0.0,0.0,0.0,0.0,0.0,0.0,0,0,0,0,0,0,0.0
"19/11/2023, 07:52:35.804125",0.0,0.0,0.0,0.0,0.0,0.0,0.0,0.0,0,0,0,0,0,0,0.0
"19/11/2023, 07:52:36.370719",0.0,0.0,0.0,0.0,0.0,0.0,0.0,0.0,0,0,0,0,0,0,0.0
"19/11/2023, 07:52:36.938576",0.0,0.0,0.0,0.0,0.0,0.0,0.0,0.0,0,0,0,0,0,0,0.0
"19/11/2023, 07:52:37.506899",0.0,0.0,0.0,0.0,0.0,0.0,0.0,0.0,0,0,0,0,0,0,0.0
"19/11/2023, 07:52:38.074964",0.0,0.0,0.0,0.0,0.0,0.0,0.0,0.0,0,0,0,0,0,0,0.0
"19/11/2023, 07:52:38.642562",0.0,0.0,0.0,0.0,0.0,0.0,0.0,0.0,0,0,0,0,0,0,0.0
"19/11/2023, 07:52:39.209351",0.0,0.0,0.0,0.0,0.0,0.0,0.0,0.0,0,0,0,0,0,0,0.0
"19/11/2023, 07:52:39.777467",0.0,0.0,0.0,0.0,0.0,0.0,0.0,0.0,0,0,0,0,0,0,0.0
"19/11/2023, 07:52:40.344776",0.0,0.0,0.0,0.0,0.0,0.0,0.0,0.0,0,0,0,0,0,0,0.0
"19/11/2023, 07:52:40.911218",0.0,0.0,0.0,0.0,0.0,0.0,0.0,0.0,0,0,0,0,0,0,0.0
"19/11/2023, 07:52:41.479266",0.0,0.0,0.0,0.0,0.0,0.0,0.0,0.0,0,0,0,0,0,0,0.0
"19/11/2023, 07:52:42.046649",0.0,0.0,0.0,0.0,0.0,0.0,0.0,0.0,0,0,0,0,0,0,0.0
"19/11/2023, 07:52:42.615406",0.0,0.0,0.0,0.0,0.0,0.0,0.0,0.0,0,0,0,0,0,0,0.0
"19/11/2023, 07:52:43.183270",0.0,0.0,0.0,0.0,0.0,0.0,0.0,0.0,0,0,0,0,0,0,0.0
"19/11/2023, 07:52:43.751020",0.0,0.0,0.0,0.0,0.0,0.0,0.0,0.0,0,0,0,0,0,0,0.0
"19/11/2023, 07:52:44.318781",0.0,0.0,0.0,0.0,0.0,0.0,0.0,0.0,0,0,0,0,0,0,0.0
"19/11/2023, 07:52:44.885351",0.0,0.0,0.0,0.0,0.0,0.0,0.0,0.0,0,0,0,0,0,0,0.0
"19/11/2023, 07:52:45.451590",0.0,0.0,0.0,0.0,0.0,0.0,0.0,0.0,0,0,0,0,0,0,0.0
"19/11/2023, 07:52:46.020222",0.0,0.0,0.0,0.0,0.0,0.0,0.0,0.0,0,0,0,0,0,0,0.0
"19/11/2023, 07:52:46.587304",0.0,0.0,0.0,0.0,0.0,0.0,0.0,0.0,0,0,0,0,0,0,0.0
"19/11/2023, 07:52:47.155710",0.0,0.0,0.0,0.0,0.0,0.0,0.0,0.0,0,0,0,0,0,0,0.0
"19/11/2023, 07:52:47.722812",0.0,0.0,0.0,0.0,0.0,0.0,0.0,0.0,0,0,0,0,0,0,0.0
"19/11/2023, 07:52:48.290342",0.0,0.0,0.0,0.0,0.0,0.0,0.0,0.0,0,0,0,0,0,0,0.0
"19/11/2023, 07:52:48.859201",0.0,0.0,0.0,0.0,0.0,0.0,0.0,0.0,0,0,0,0,0,0,0.0
"19/11/2023, 07:52:49.425850",0.0,0.0,0.0,0.0,0.0,0.0,0.0,0.0,0,0,0,0,0,0,0.0
"19/11/2023, 07:52:49.995948",0.0,0.0,0.0,0.0,0.0,0.0,0.0,0.0,0,0,0,0,0,0,0.0
"19/11/2023, 07:52:50.561947",0.0,0.0,0.0,0.0,0.0,0.0,0.0,0.0,0,0,0,0,0,0,0.0
"19/11/2023, 07:52:51.127925",0.0,0.0,0.0,0.0,0.0,0.0,0.0,0.0,0,0,0,0,0,0,0.0
"19/11/2023, 07:52:51.696811",0.0,0.0,0.0,0.0,0.0,0.0,0.0,0.0,0,0,0,0,0,0,0.0
"19/11/2023, 07:52:52.264821",0.0,0.0,0.0,0.0,0.0,0.0,0.0,0.0,0,0,0,0,0,0,0.0
"19/11/2023, 07:52:52.832059",0.0,0.0,0.0,0.0,0.0,0.0,0.0,0.0,0,0,0,0,0,0,0.0
"19/11/2023, 07:52:53.399937",0.0,0.0,0.0,0.0,0.0,0.0,0.0,0.0,0,0,0,0,0,0,0.0
"19/11/2023, 07:52:53.967290",0.0,0.0,0.0,0.0,0.0,0.0,0.0,0.0,0,0,0,0,0,0,0.0
"19/11/2023, 07:52:54.535200",0.0,0.0,0.0,0.0,0.0,0.0,0.0,0.0,0,0,0,0,0,0,0.0
"19/11/2023, 07:52:55.102589",0.0,0.0,0.0,0.0,0.0,0.0,0.0,0.0,0,0,0,0,0,0,0.0
"19/11/2023, 07:52:55.669220",0.0,0.0,0.0,0.0,0.0,0.0,0.0,0.0,0,0,0,0,0,0,0.0
"19/11/2023, 07:52:56.237411",0.0,0.0,0.0,0.0,0.0,0.0,0.0,0.0,0,0,0,0,0,0,0.0
"19/11/2023, 07:52:56.803780",0.0,0.0,0.0,0.0,0.0,0.0,0.0,0.0,0,0,0,0,0,0,0.0
"19/11/2023, 07:52:57.371922",0.0,0.0,0.0,0.0,0.0,0.0,0.0,0.0,0,0,0,0,0,0,0.0
"19/11/2023, 07:52:57.940396",0.0,0.0,0.0,0.0,0.0,0.0,0.0,0.0,0,0,0,0,0,0,0.0
"19/11/2023, 07:52:58.507982",0.0,0.0,0.0,0.0,0.0,0.0,0.0,0.0,0,0,0,0,0,0,0.0
"19/11/2023, 07:52:59.075655",0.0,0.0,0.0,0.0,0.0,0.0,0.0,0.0,0,0,0,0,0,0,0.0
"19/11/2023, 07:52:59.642819",0.0,0.0,0.0,0.0,0.0,0.0,0.0,0.0,0,0,0,0,0,0,0.0
"19/11/2023, 07:53:00.210025",0.0,0.0,0.0,0.0,0.0,0.0,0.0,0.0,0,0,0,0,0,0,0.0
"19/11/2023, 07:53:00.779003",0.0,0.0,0.0,0.0,0.0,0.0,0.0,0.0,0,0,0,0,0,0,0.0
"19/11/2023, 07:53:01.346102",0.0,0.0,0.0,0.0,0.0,0.0,0.0,0.0,0,0,0,0,0,0,0.0
"19/11/2023, 07:53:01.914856",0.0,0.0,0.0,0.0,0.0,0.0,0.0,0.0,0,0,0,0,0,0,0.0
"19/11/2023, 07:53:02.481214",0.0,0.0,0.0,0.0,0.0,0.0,0.0,0.0,0,0,0,0,0,0,0.0
"19/11/2023, 07:53:03.047500",0.0,0.0,0.0,0.0,0.0,0.0,0.0,0.0,0,0,0,0,0,0,0.0
"19/11/2023, 07:53:03.616242",0.0,0.0,0.0,0.0,0.0,0.0,0.0,0.0,0,0,0,0,0,0,0.0
"19/11/2023, 07:53:04.183668",0.0,0.0,0.0,0.0,0.0,0.0,0.0,0.0,0,0,0,0,0,0,0.0
"19/11/2023, 07:53:04.751593",0.0,0.0,0.0,0.0,0.0,0.0,0.0,0.0,0,0,0,0,0,0,0.0
"19/11/2023, 07:53:05.320228",0.0,0.0,0.0,0.0,0.0,0.0,0.0,0.0,0,0,0,0,0,0,0.0
"19/11/2023, 07:53:05.886514",0.0,0.0,0.0,0.0,0.0,0.0,0.0,0.0,0,0,0,0,0,0,0.0
"19/11/2023, 07:53:06.455109",0.0,0.0,0.0,0.0,0.0,0.0,0.0,0.0,0,0,0,0,0,0,0.0
"19/11/2023, 07:53:07.022390",0.0,0.0,0.0,0.0,0.0,0.0,0.0,0.0,0,0,0,0,0,0,0.0
"19/11/2023, 07:53:07.589891",0.0,0.0,0.0,0.0,0.0,0.0,0.0,0.0,0,0,0,0,0,0,0.0
"19/11/2023, 07:53:08.156991",0.0,0.0,0.0,0.0,0.0,0.0,0.0,0.0,0,0,0,0,0,0,0.0
"19/11/2023, 07:53:08.724681",0.0,0.0,0.0,0.0,0.0,0.0,0.0,0.0,0,0,0,0,0,0,0.0
"19/11/2023, 07:53:09.293157",0.0,0.0,0.0,0.0,0.0,0.0,0.0,0.0,0,0,0,0,0,0,0.0
"19/11/2023, 07:53:09.861146",0.0,0.0,0.0,0.0,0.0,0.0,0.0,0.0,0,0,0,0,0,0,0.0
"19/11/2023, 07:53:10.427858",0.0,0.0,0.0,0.0,0.0,0.0,0.0,0.0,0,0,0,0,0,0,0.0
"19/11/2023, 07:53:10.996005",0.0,0.0,0.0,0.0,0.0,0.0,0.0,0.0,0,0,0,0,0,0,0.0
"19/11/2023, 07:53:11.563627",0.0,0.0,0.0,0.0,0.0,0.0,0.0,0.0,0,0,0,0,0,0,0.0
"19/11/2023, 07:53:12.131432",0.0,0.0,0.0,0.0,0.0,0.0,0.0,0.0,0,0,0,0,0,0,0.0
"19/11/2023, 07:53:12.983703",0.0,0.0,0.0,0.0,0.0,0.0,0.0,0.0,0,0,0,0,0,0,0.0
"19/11/2023, 07:53:13.550144",0.0,0.0,0.0,0.0,0.0,0.0,0.0,0.0,0,0,0,0,0,0,0.0
"19/11/2023, 07:53:14.117797",0.0,0.0,0.0,0.0,0.0,0.0,0.0,0.0,0,0,0,0,0,0,0.0
"19/11/2023, 07:53:14.686697",0.0,0.0,0.0,0.0,0.0,0.0,0.0,0.0,0,0,0,0,0,0,0.0
"19/11/2023, 07:53:15.254018",0.0,0.0,0.0,0.0,0.0,0.0,0.0,0.0,0,0,0,0,0,0,0.0
"19/11/2023, 07:53:15.821351",0.0,0.0,0.0,0.0,0.0,0.0,0.0,0.0,0,0,0,0,0,0,0.0
"19/11/2023, 07:53:16.387765",0.0,0.0,0.0,0.0,0.0,0.0,0.0,0.0,0,0,0,0,0,0,0.0
"19/11/2023, 07:53:16.955734",0.0,0.0,0.0,0.0,0.0,0.0,0.0,0.0,0,0,0,0,0,0,0.0
"19/11/2023, 07:53:17.524224",0.0,0.0,0.0,0.0,0.0,0.0,0.0,0.0,0,0,0,0,0,0,0.0
"19/11/2023, 07:53:18.090988",0.0,0.0,0.0,0.0,0.0,0.0,0.0,0.0,0,0,0,0,0,0,0.0
"19/11/2023, 07:53:18.659472",0.0,0.0,0.0,0.0,0.0,0.0,0.0,0.0,0,0,0,0,0,0,0.0
"19/11/2023, 07:53:19.226898",0.0,0.0,0.0,0.0,0.0,0.0,0.0,0.0,0,0,0,0,0,0,0.0
"19/11/2023, 07:53:19.795041",0.0,0.0,0.0,0.0,0.0,0.0,0.0,0.0,0,0,0,0,0,0,0.0
"19/11/2023, 07:53:20.363118",0.0,0.0,0.0,0.0,0.0,0.0,0.0,0.0,0,0,0,0,0,0,0.0
"19/11/2023, 07:53:20.929187",0.0,0.0,0.0,0.0,0.0,0.0,0.0,0.0,0,0,0,0,0,0,0.0
"19/11/2023, 07:53:21.497011",0.0,0.0,0.0,0.0,0.0,0.0,0.0,0.0,0,0,0,0,0,0,0.0
"19/11/2023, 07:53:22.065145",0.0,0.0,0.0,0.0,0.0,0.0,0.0,0.0,0,0,0,0,0,0,0.0
"19/11/2023, 07:53:22.632529",0.0,0.0,0.0,0.0,0.0,0.0,0.0,0.0,0,0,0,0,0,0,0.0
"19/11/2023, 07:53:23.199918",0.0,0.0,0.0,0.0,0.0,0.0,0.0,0.0,0,0,0,0,0,0,0.0
"19/11/2023, 07:53:23.768028",0.0,0.0,0.0,0.0,0.0,0.0,0.0,0.0,0,0,0,0,0,0,0.0
"19/11/2023, 07:53:24.334744",0.0,0.0,0.0,0.0,0.0,0.0,0.0,0.0,0,0,0,0,0,0,0.0
"19/11/2023, 07:53:24.904719",0.0,0.0,0.0,0.0,0.0,0.0,0.0,0.0,0,0,0,0,0,0,0.0
"19/11/2023, 07:53:25.470952",0.0,0.0,0.0,0.0,0.0,0.0,0.0,0.0,0,0,0,0,0,0,0.0
"19/11/2023, 07:53:26.038269",0.0,0.0,0.0,0.0,0.0,0.0,0.0,0.0,0,0,0,0,0,0,0.0
"19/11/2023, 07:53:26.606627",0.0,0.0,0.0,0.0,0.0,0.0,0.0,0.0,0,0,0,0,0,0,0.0
"19/11/2023, 07:53:27.172699",0.0,0.0,0.0,0.0,0.0,0.0,0.0,0.0,0,0,0,0,0,0,0.0
"19/11/2023, 07:53:27.741299",0.0,0.0,0.0,0.0,0.0,0.0,0.0,0.0,0,0,0,0,0,0,0.0
"19/11/2023, 07:53:28.591798",0.0,0.0,0.0,0.0,0.0,0.0,0.0,0.0,0,0,0,0,0,0,0.0
"19/11/2023, 07:53:29.158871",0.0,0.0,0.0,0.0,0.0,0.0,0.0,0.0,0,0,0,0,0,0,0.0
"19/11/2023, 07:53:29.727549",0.0,0.0,0.0,0.0,0.0,0.0,0.0,0.0,0,0,0,0,0,0,0.0
"19/11/2023, 07:53:30.295283",0.0,0.0,0.0,0.0,0.0,0.0,0.0,0.0,0,0,0,0,0,0,0.0
"19/11/2023, 07:53:30.862243",0.0,0.0,0.0,0.0,0.0,0.0,0.0,0.0,0,0,0,0,0,0,0.0
"19/11/2023, 07:53:31.430554",0.0,0.0,0.0,0.0,0.0,0.0,0.0,0.0,0,0,0,0,0,0,0.0
"19/11/2023, 07:53:31.997102",0.0,0.0,0.0,0.0,0.0,0.0,0.0,0.0,0,0,0,0,0,0,0.0
"19/11/2023, 07:53:32.566011",0.0,0.0,0.0,0.0,0.0,0.0,0.0,0.0,0,0,0,0,0,0,0.0
"19/11/2023, 07:53:33.133827",0.0,0.0,0.0,0.0,0.0,0.0,0.0,0.0,0,0,0,0,0,0,0.0
"19/11/2023, 07:53:33.700451",0.0,0.0,0.0,0.0,0.0,0.0,0.0,0.0,0,0,0,0,0,0,0.0
"19/11/2023, 07:53:34.267683",0.0,0.0,0.0,0.0,0.0,0.0,0.0,0.0,0,0,0,0,0,0,0.0
"19/11/2023, 07:53:34.835584",0.0,0.0,0.0,0.0,0.0,0.0,0.0,0.0,0,0,0,0,0,0,0.0
"19/11/2023, 07:53:35.403440",0.0,0.0,0.0,0.0,0.0,0.0,0.0,0.0,0,0,0,0,0,0,0.0
"19/11/2023, 07:53:35.971864",0.0,0.0,0.0,0.0,0.0,0.0,0.0,0.0,0,0,0,0,0,0,0.0
"19/11/2023, 07:53:36.539421",0.0,0.0,0.0,0.0,0.0,0.0,0.0,0.0,0,0,0,0,0,0,0.0
"19/11/2023, 07:53:37.106062",0.0,0.0,0.0,0.0,0.0,0.0,0.0,0.0,0,0,0,0,0,0,0.0
"19/11/2023, 07:53:37.674674",0.0,0.0,0.0,0.0,0.0,0.0,0.0,0.0,0,0,0,0,0,0,0.0
"19/11/2023, 07:53:38.242338",0.0,0.0,0.0,0.0,0.0,0.0,0.0,0.0,0,0,0,0,0,0,0.0
"19/11/2023, 07:53:38.809618",0.0,0.0,0.0,0.0,0.0,0.0,0.0,0.0,0,0,0,0,0,0,0.0
"19/11/2023, 07:53:39.377375",0.0,0.0,0.0,0.0,0.0,0.0,0.0,0.0,0,0,0,0,0,0,0.0
"19/11/2023, 07:53:39.945122",0.0,0.0,0.0,0.0,0.0,0.0,0.0,0.0,0,0,0,0,0,0,0.0
"19/11/2023, 07:53:40.513512",0.0,0.0,0.0,0.0,0.0,0.0,0.0,0.0,0,0,0,0,0,0,0.0
"19/11/2023, 07:53:41.080343",0.0,0.0,0.0,0.0,0.0,0.0,0.0,0.0,0,0,0,0,0,0,0.0
"19/11/2023, 07:53:41.647308",0.0,0.0,0.0,0.0,0.0,0.0,0.0,0.0,0,0,0,0,0,0,0.0
"19/11/2023, 07:53:42.215768",0.0,0.0,0.0,0.0,0.0,0.0,0.0,0.0,0,0,0,0,0,0,0.0
"19/11/2023, 07:53:42.783693",0.0,0.0,0.0,0.0,0.0,0.0,0.0,0.0,0,0,0,0,0,0,0.0
"19/11/2023, 07:53:43.350554",0.0,0.0,0.0,0.0,0.0,0.0,0.0,0.0,0,0,0,0,0,0,0.0
"19/11/2023, 07:53:43.917609",0.0,0.0,0.0,0.0,0.0,0.0,0.0,0.0,0,0,0,0,0,0,0.0
"19/11/2023, 07:53:44.485763",0.0,0.0,0.0,0.0,0.0,0.0,0.0,0.0,0,0,0,0,0,0,0.0
"19/11/2023, 07:53:45.053890",0.0,0.0,0.0,0.0,0.0,0.0,0.0,0.0,0,0,0,0,0,0,0.0
"19/11/2023, 07:53:45.621604",0.0,0.0,0.0,0.0,0.0,0.0,0.0,0.0,0,0,0,0,0,0,0.0
"19/11/2023, 07:53:46.189892",0.0,0.0,0.0,0.0,0.0,0.0,0.0,0.0,0,0,0,0,0,0,0.0
"19/11/2023, 07:53:46.758224",0.0,0.0,0.0,0.0,0.0,0.0,0.0,0.0,0,0,0,0,0,0,0.0
"19/11/2023, 07:53:47.324909",0.0,0.0,0.0,0.0,0.0,0.0,0.0,0.0,0,0,0,0,0,0,0.0
"19/11/2023, 07:53:47.893371",0.0,0.0,0.0,0.0,0.0,0.0,0.0,0.0,0,0,0,0,0,0,0.0
"19/11/2023, 07:53:48.461191",0.0,0.0,0.0,0.0,0.0,0.0,0.0,0.0,0,0,0,0,0,0,0.0
"19/11/2023, 07:53:49.028356",0.0,0.0,0.0,0.0,0.0,0.0,0.0,0.0,0,0,0,0,0,0,0.0
"19/11/2023, 07:53:49.596708",0.0,0.0,0.0,0.0,0.0,0.0,0.0,0.0,0,0,0,0,0,0,0.0
"19/11/2023, 07:53:50.164039",0.0,0.0,0.0,0.0,0.0,0.0,0.0,0.0,0,0,0,0,0,0,0.0
"19/11/2023, 07:53:50.731628",0.0,0.0,0.0,0.0,0.0,0.0,0.0,0.0,0,0,0,0,0,0,0.0
"19/11/2023, 07:53:51.299084",0.0,0.0,0.0,0.0,0.0,0.0,0.0,0.0,0,0,0,0,0,0,0.0
"19/11/2023, 07:53:51.865890",0.0,0.0,0.0,0.0,0.0,0.0,0.0,0.0,0,0,0,0,0,0,0.0
"19/11/2023, 07:53:52.435350",0.0,0.0,0.0,0.0,0.0,0.0,0.0,0.0,0,0,0,0,0,0,0.0
"19/11/2023, 07:53:53.001186",0.0,0.0,0.0,0.0,0.0,0.0,0.0,0.0,0,0,0,0,0,0,0.0
"19/11/2023, 07:53:53.570260",0.0,0.0,0.0,0.0,0.0,0.0,0.0,0.0,0,0,0,0,0,0,0.0
"19/11/2023, 07:53:54.138514",0.0,0.0,0.0,0.0,0.0,0.0,0.0,0.0,0,0,0,0,0,0,0.0
"19/11/2023, 07:53:54.705616",0.0,0.0,0.0,0.0,0.0,0.0,0.0,0.0,0,0,0,0,0,0,0.0
"19/11/2023, 07:53:55.273354",0.0,0.0,0.0,0.0,0.0,0.0,0.0,0.0,0,0,0,0,0,0,0.0
"19/11/2023, 07:53:55.839802",0.0,0.0,0.0,0.0,0.0,0.0,0.0,0.0,0,0,0,0,0,0,0.0
"19/11/2023, 07:53:56.407809",0.0,0.0,0.0,0.0,0.0,0.0,0.0,0.0,0,0,0,0,0,0,0.0
"19/11/2023, 07:53:56.976734",0.0,0.0,0.0,0.0,0.0,0.0,0.0,0.0,0,0,0,0,0,0,0.0
"19/11/2023, 07:53:57.543940",0.0,0.0,0.0,0.0,0.0,0.0,0.0,0.0,0,0,0,0,0,0,0.0
"19/11/2023, 07:53:58.111058",0.0,0.0,0.0,0.0,0.0,0.0,0.0,0.0,0,0,0,0,0,0,0.0
"19/11/2023, 07:53:58.679523",0.0,0.0,0.0,0.0,0.0,0.0,0.0,0.0,0,0,0,0,0,0,0.0
"19/11/2023, 07:53:59.245929",0.0,0.0,0.0,0.0,0.0,0.0,0.0,0.0,0,0,0,0,0,0,0.0
"19/11/2023, 07:53:59.814247",0.0,0.0,0.0,0.0,0.0,0.0,0.0,0.0,0,0,0,0,0,0,0.0
"19/11/2023, 07:54:00.382542",0.0,0.0,0.0,0.0,0.0,0.0,0.0,0.0,0,0,0,0,0,0,0.0
"19/11/2023, 07:54:00.949353",0.0,0.0,0.0,0.0,0.0,0.0,0.0,0.0,0,0,0,0,0,0,0.0
"19/11/2023, 07:54:01.518001",0.0,0.0,0.0,0.0,0.0,0.0,0.0,0.0,0,0,0,0,0,0,0.0
"19/11/2023, 07:54:02.369204",0.0,0.0,0.0,0.0,0.0,0.0,0.0,0.0,0,0,0,0,0,0,0.0
"19/11/2023, 07:54:02.935746",0.0,0.0,0.0,0.0,0.0,0.0,0.0,0.0,0,0,0,0,0,0,0.0
"19/11/2023, 07:54:03.504683",0.0,0.0,0.0,0.0,0.0,0.0,0.0,0.0,0,0,0,0,0,0,0.0
"19/11/2023, 07:54:04.072544",0.0,0.0,0.0,0.0,0.0,0.0,0.0,0.0,0,0,0,0,0,0,0.0
"19/11/2023, 07:54:04.639126",0.0,0.0,0.0,0.0,0.0,0.0,0.0,0.0,0,0,0,0,0,0,0.0
"19/11/2023, 07:54:05.207294",0.0,0.0,0.0,0.0,0.0,0.0,0.0,0.0,0,0,0,0,0,0,0.0
"19/11/2023, 07:54:05.774238",0.0,0.0,0.0,0.0,0.0,0.0,0.0,0.0,0,0,0,0,0,0,0.0
"19/11/2023, 07:54:06.342911",0.0,0.0,0.0,0.0,0.0,0.0,0.0,0.0,0,0,0,0,0,0,0.0
"19/11/2023, 07:54:06.910195",0.0,0.0,0.0,0.0,0.0,0.0,0.0,0.0,0,0,0,0,0,0,0.0
"19/11/2023, 07:54:07.477675",0.0,0.0,0.0,0.0,0.0,0.0,0.0,0.0,0,0,0,0,0,0,0.0
"19/11/2023, 07:54:08.046105",0.0,0.0,0.0,0.0,0.0,0.0,0.0,0.0,0,0,0,0,0,0,0.0
"19/11/2023, 07:54:08.613614",0.0,0.0,0.0,0.0,0.0,0.0,0.0,0.0,0,0,0,0,0,0,0.0
"19/11/2023, 07:54:09.180788",0.0,0.0,0.0,0.0,0.0,0.0,0.0,0.0,0,0,0,0,0,0,0.0
"19/11/2023, 07:54:09.749233",0.0,0.0,0.0,0.0,0.0,0.0,0.0,0.0,0,0,0,0,0,0,0.0
"19/11/2023, 07:54:10.315406",0.0,0.0,0.0,0.0,0.0,0.0,0.0,0.0,0,0,0,0,0,0,0.0
"19/11/2023, 07:54:10.884318",0.0,0.0,0.0,0.0,0.0,0.0,0.0,0.0,0,0,0,0,0,0,0.0
"19/11/2023, 07:54:11.452126",0.0,0.0,0.0,0.0,0.0,0.0,0.0,0.0,0,0,0,0,0,0,0.0
"19/11/2023, 07:54:12.018708",0.0,0.0,0.0,0.0,0.0,0.0,0.0,0.0,0,0,0,0,0,0,0.0
"19/11/2023, 07:54:12.587173",0.0,0.0,0.0,0.0,0.0,0.0,0.0,0.0,0,0,0,0,0,0,0.0
"19/11/2023, 07:54:13.153912",0.0,0.0,0.0,0.0,0.0,0.0,0.0,0.0,0,0,0,0,0,0,0.0
"19/11/2023, 07:54:13.721473",0.0,0.0,0.0,0.0,0.0,0.0,0.0,0.0,0,0,0,0,0,0,0.0
"19/11/2023, 07:54:14.289634",0.0,0.0,0.0,0.0,0.0,0.0,0.0,0.0,0,0,0,0,0,0,0.0
"19/11/2023, 07:54:14.857528",0.0,0.0,0.0,0.0,0.0,0.0,0.0,0.0,0,0,0,0,0,0,0.0
"19/11/2023, 07:54:15.425195",0.0,0.0,0.0,0.0,0.0,0.0,0.0,0.0,0,0,0,0,0,0,0.0
"19/11/2023, 07:54:15.993571",0.0,0.0,0.0,0.0,0.0,0.0,0.0,0.0,0,0,0,0,0,0,0.0
"19/11/2023, 07:54:16.559241",0.0,0.0,0.0,0.0,0.0,0.0,0.0,0.0,0,0,0,0,0,0,0.0
"19/11/2023, 07:54:17.128270",0.0,0.0,0.0,0.0,0.0,0.0,0.0,0.0,0,0,0,0,0,0,0.0
"19/11/2023, 07:54:17.695986",0.0,0.0,0.0,0.0,0.0,0.0,0.0,0.0,0,0,0,0,0,0,0.0
"19/11/2023, 07:54:18.263617",0.0,0.0,0.0,0.0,0.0,0.0,0.0,0.0,0,0,0,0,0,0,0.0
"19/11/2023, 07:54:18.831226",0.0,0.0,0.0,0.0,0.0,0.0,0.0,0.0,0,0,0,0,0,0,0.0
"19/11/2023, 07:54:19.682349",0.0,0.0,0.0,0.0,0.0,0.0,0.0,0.0,0,0,0,0,0,0,0.0
"19/11/2023, 07:54:20.249796",0.0,0.0,0.0,0.0,0.0,0.0,0.0,0.0,0,0,0,0,0,0,0.0
"19/11/2023, 07:54:20.818259",0.0,0.0,0.0,0.0,0.0,0.0,0.0,0.0,0,0,0,0,0,0,0.0
"19/11/2023, 07:54:21.385561",0.0,0.0,0.0,0.0,0.0,0.0,0.0,0.0,0,0,0,0,0,0,0.0
"19/11/2023, 07:54:21.954650",0.0,0.0,0.0,0.0,0.0,0.0,0.0,0.0,0,0,0,0,0,0,0.0
"19/11/2023, 07:54:22.519881",0.0,0.0,0.0,0.0,0.0,0.0,0.0,0.0,0,0,0,0,0,0,0.0
"19/11/2023, 07:54:23.088126",0.0,0.0,0.0,0.0,0.0,0.0,0.0,0.0,0,0,0,0,0,0,0.0
"19/11/2023, 07:54:23.656059",0.0,0.0,0.0,0.0,0.0,0.0,0.0,0.0,0,0,0,0,0,0,0.0
"19/11/2023, 07:54:24.223748",0.0,0.0,0.0,0.0,0.0,0.0,0.0,0.0,0,0,0,0,0,0,0.0
"19/11/2023, 07:54:24.790687",0.0,0.0,0.0,0.0,0.0,0.0,0.0,0.0,0,0,0,0,0,0,0.0
"19/11/2023, 07:54:25.358492",0.0,0.0,0.0,0.0,0.0,0.0,0.0,0.0,0,0,0,0,0,0,0.0
"19/11/2023, 07:54:25.926942",0.0,0.0,0.0,0.0,0.0,0.0,0.0,0.0,0,0,0,0,0,0,0.0
"19/11/2023, 07:54:26.494314",0.0,0.0,0.0,0.0,0.0,0.0,0.0,0.0,0,0,0,0,0,0,0.0
"19/11/2023, 07:54:27.062145",0.0,0.0,0.0,0.0,0.0,0.0,0.0,0.0,0,0,0,0,0,0,0.0
"19/11/2023, 07:54:27.629101",0.0,0.0,0.0,0.0,0.0,0.0,0.0,0.0,0,0,0,0,0,0,0.0
"19/11/2023, 07:54:28.196767",0.0,0.0,0.0,0.0,0.0,0.0,0.0,0.0,0,0,0,0,0,0,0.0
"19/11/2023, 07:54:28.763787",0.0,0.0,0.0,0.0,0.0,0.0,0.0,0.0,0,0,0,0,0,0,0.0
"19/11/2023, 07:54:29.332985",0.0,0.0,0.0,0.0,0.0,0.0,0.0,0.0,0,0,0,0,0,0,0.0
"19/11/2023, 07:54:29.899963",0.0,0.0,0.0,0.0,0.0,0.0,0.0,0.0,0,0,0,0,0,0,0.0
"19/11/2023, 07:54:30.468198",0.0,0.0,0.0,0.0,0.0,0.0,0.0,0.0,0,0,0,0,0,0,0.0
"19/11/2023, 07:54:31.036529",0.0,0.0,0.0,0.0,0.0,0.0,0.0,0.0,0,0,0,0,0,0,0.0
"19/11/2023, 07:54:31.602260",0.0,0.0,0.0,0.0,0.0,0.0,0.0,0.0,0,0,0,0,0,0,0.0
"19/11/2023, 07:54:32.169894",0.0,0.0,0.0,0.0,0.0,0.0,0.0,0.0,0,0,0,0,0,0,0.0
"19/11/2023, 07:54:32.738531",0.0,0.0,0.0,0.0,0.0,0.0,0.0,0.0,0,0,0,0,0,0,0.0
"19/11/2023, 07:54:33.305614",0.0,0.0,0.0,0.0,0.0,0.0,0.0,0.0,0,0,0,0,0,0,0.0
"19/11/2023, 07:54:33.874220",0.0,0.0,0.0,0.0,0.0,0.0,0.0,0.0,0,0,0,0,0,0,0.0
"19/11/2023, 07:54:34.441893",0.0,0.0,0.0,0.0,0.0,0.0,0.0,0.0,0,0,0,0,0,0,0.0
"19/11/2023, 07:54:35.009207",0.0,0.0,0.0,0.0,0.0,0.0,0.0,0.0,0,0,0,0,0,0,0.0
"19/11/2023, 07:54:35.576978",0.0,0.0,0.0,0.0,0.0,0.0,0.0,0.0,0,0,0,0,0,0,0.0
"19/11/2023, 07:54:36.144050",0.0,0.0,0.0,0.0,0.0,0.0,0.0,0.0,0,0,0,0,0,0,0.0
"19/11/2023, 07:54:36.711668",0.0,0.0,0.0,0.0,0.0,0.0,0.0,0.0,0,0,0,0,0,0,0.0
"19/11/2023, 07:54:37.279393",0.0,0.0,0.0,0.0,0.0,0.0,0.0,0.0,0,0,0,0,0,0,0.0
"19/11/2023, 07:54:37.847614",0.0,0.0,0.0,0.0,0.0,0.0,0.0,0.0,0,0,0,0,0,0,0.0
"19/11/2023, 07:54:38.415295",0.0,0.0,0.0,0.0,0.0,0.0,0.0,0.0,0,0,0,0,0,0,0.0
"19/11/2023, 07:54:38.982223",0.0,0.0,0.0,0.0,0.0,0.0,0.0,0.0,0,0,0,0,0,0,0.0
"19/11/2023, 07:54:39.549980",0.0,0.0,0.0,0.0,0.0,0.0,0.0,0.0,0,0,0,0,0,0,0.0
"19/11/2023, 07:54:40.117499",0.0,0.0,0.0,0.0,0.0,0.0,0.0,0.0,0,0,0,0,0,0,0.0
"19/11/2023, 07:54:40.684944",0.0,0.0,0.0,0.0,0.0,0.0,0.0,0.0,0,0,0,0,0,0,0.0
"19/11/2023, 07:54:41.253366",0.0,0.0,0.0,0.0,0.0,0.0,0.0,0.0,0,0,0,0,0,0,0.0
"19/11/2023, 07:54:41.821178",0.0,0.0,0.0,0.0,0.0,0.0,0.0,0.0,0,0,0,0,0,0,0.0
"19/11/2023, 07:54:42.388803",0.0,0.0,0.0,0.0,0.0,0.0,0.0,0.0,0,0,0,0,0,0,0.0
"19/11/2023, 07:54:42.956467",0.0,0.0,0.0,0.0,0.0,0.0,0.0,0.0,0,0,0,0,0,0,0.0
"19/11/2023, 07:54:43.524347",0.0,0.0,0.0,0.0,0.0,0.0,0.0,0.0,0,0,0,0,0,0,0.0
"19/11/2023, 07:54:44.092334",0.0,0.0,0.0,0.0,0.0,0.0,0.0,0.0,0,0,0,0,0,0,0.0
"19/11/2023, 07:54:44.658707",0.0,0.0,0.0,0.0,0.0,0.0,0.0,0.0,0,0,0,0,0,0,0.0
"19/11/2023, 07:54:45.226630",0.0,0.0,0.0,0.0,0.0,0.0,0.0,0.0,0,0,0,0,0,0,0.0
"19/11/2023, 07:54:45.794018",0.0,0.0,0.0,0.0,0.0,0.0,0.0,0.0,0,0,0,0,0,0,0.0
"19/11/2023, 07:54:46.361834",0.0,0.0,0.0,0.0,0.0,0.0,0.0,0.0,0,0,0,0,0,0,0.0
"19/11/2023, 07:54:46.928754",0.0,0.0,0.0,0.0,0.0,0.0,0.0,0.0,0,0,0,0,0,0,0.0
"19/11/2023, 07:54:47.497117",0.0,0.0,0.0,0.0,0.0,0.0,0.0,0.0,0,0,0,0,0,0,0.0
"19/11/2023, 07:54:48.064310",0.0,0.0,0.0,0.0,0.0,0.0,0.0,0.0,0,0,0,0,0,0,0.0
"19/11/2023, 07:54:48.631616",0.0,0.0,0.0,0.0,0.0,0.0,0.0,0.0,0,0,0,0,0,0,0.0
"19/11/2023, 07:54:49.199072",0.0,0.0,0.0,0.0,0.0,0.0,0.0,0.0,0,0,0,0,0,0,0.0
"19/11/2023, 07:54:49.766612",0.0,0.0,0.0,0.0,0.0,0.0,0.0,0.0,0,0,0,0,0,0,0.0
"19/11/2023, 07:54:50.335631",0.0,0.0,0.0,0.0,0.0,0.0,0.0,0.0,0,0,0,0,0,0,0.0
"19/11/2023, 07:54:50.902505",0.0,0.0,0.0,0.0,0.0,0.0,0.0,0.0,0,0,0,0,0,0,0.0
"19/11/2023, 07:54:51.470438",0.0,0.0,0.0,0.0,0.0,0.0,0.0,0.0,0,0,0,0,0,0,0.0
"19/11/2023, 07:54:52.039057",0.0,0.0,0.0,0.0,0.0,0.0,0.0,0.0,0,0,0,0,0,0,0.0
"19/11/2023, 07:54:52.604897",0.0,0.0,0.0,0.0,0.0,0.0,0.0,0.0,0,0,0,0,0,0,0.0
"19/11/2023, 07:54:53.174065",0.0,0.0,0.0,0.0,0.0,0.0,0.0,0.0,0,0,0,0,0,0,0.0
"19/11/2023, 07:54:53.741001",0.0,0.0,0.0,0.0,0.0,0.0,0.0,0.0,0,0,0,0,0,0,0.0
"19/11/2023, 07:54:54.308629",0.0,0.0,0.0,0.0,0.0,0.0,0.0,0.0,0,0,0,0,0,0,0.0
"19/11/2023, 07:54:54.877064",0.0,0.0,0.0,0.0,0.0,0.0,0.0,0.0,0,0,0,0,0,0,0.0
"19/11/2023, 07:54:55.443359",0.0,0.0,0.0,0.0,0.0,0.0,0.0,0.0,0,0,0,0,0,0,0.0
"19/11/2023, 07:54:56.011930",0.0,0.0,0.0,0.0,0.0,0.0,0.0,0.0,0,0,0,0,0,0,0.0
"19/11/2023, 07:54:56.579940",0.0,0.0,0.0,0.0,0.0,0.0,0.0,0.0,0,0,0,0,0,0,0.0
"19/11/2023, 07:54:57.147222",0.0,0.0,0.0,0.0,0.0,0.0,0.0,0.0,0,0,0,0,0,0,0.0
"19/11/2023, 07:54:57.715093",0.0,0.0,0.0,0.0,0.0,0.0,0.0,0.0,0,0,0,0,0,0,0.0
"19/11/2023, 07:54:58.281947",0.0,0.0,0.0,0.0,0.0,0.0,0.0,0.0,0,0,0,0,0,0,0.0
"19/11/2023, 07:54:58.849147",0.0,0.0,0.0,0.0,0.0,0.0,0.0,0.0,0,0,0,0,0,0,0.0
"19/11/2023, 07:54:59.418364",0.0,0.0,0.0,0.0,0.0,0.0,0.0,0.0,0,0,0,0,0,0,0.0
"19/11/2023, 07:54:59.985630",0.0,0.0,0.0,0.0,0.0,0.0,0.0,0.0,0,0,0,0,0,0,0.0
"19/11/2023, 07:55:00.554797",0.0,0.0,0.0,0.0,0.0,0.0,0.0,0.0,0,0,0,0,0,0,0.0
"19/11/2023, 07:55:01.121178",0.0,0.0,0.0,0.0,0.0,0.0,0.0,0.0,0,0,0,0,0,0,0.0
"19/11/2023, 07:55:01.687735",0.0,0.0,0.0,0.0,0.0,0.0,0.0,0.0,0,0,0,0,0,0,0.0
"19/11/2023, 07:55:02.256730",0.0,0.0,0.0,0.0,0.0,0.0,0.0,0.0,0,0,0,0,0,0,0.0
"19/11/2023, 07:55:02.823297",0.0,0.0,0.0,0.0,0.0,0.0,0.0,0.0,0,0,0,0,0,0,0.0
"19/11/2023, 07:55:03.392032",0.0,0.0,0.0,0.0,0.0,0.0,0.0,0.0,0,0,0,0,0,0,0.0
"19/11/2023, 07:55:03.959859",0.0,0.0,0.0,0.0,0.0,0.0,0.0,0.0,0,0,0,0,0,0,0.0
"19/11/2023, 07:55:04.526984",0.0,0.0,0.0,0.0,0.0,0.0,0.0,0.0,0,0,0,0,0,0,0.0
"19/11/2023, 07:55:05.096762",0.0,0.0,0.0,0.0,0.0,0.0,0.0,0.0,0,0,0,0,0,0,0.0
"19/11/2023, 07:55:05.662595",0.0,0.0,0.0,0.0,0.0,0.0,0.0,0.0,0,0,0,0,0,0,0.0
"19/11/2023, 07:55:06.230212",0.0,0.0,0.0,0.0,0.0,0.0,0.0,0.0,0,0,0,0,0,0,0.0
"19/11/2023, 07:55:06.798451",0.0,0.0,0.0,0.0,0.0,0.0,0.0,0.0,0,0,0,0,0,0,0.0
"19/11/2023, 07:55:07.366127",0.0,0.0,0.0,0.0,0.0,0.0,0.0,0.0,0,0,0,0,0,0,0.0
"19/11/2023, 07:55:07.934570",0.0,0.0,0.0,0.0,0.0,0.0,0.0,0.0,0,0,0,0,0,0,0.0
"19/11/2023, 07:55:08.501504",0.0,0.0,0.0,0.0,0.0,0.0,0.0,0.0,0,0,0,0,0,0,0.0
"19/11/2023, 07:55:09.069055",0.0,0.0,0.0,0.0,0.0,0.0,0.0,0.0,0,0,0,0,0,0,0.0
"19/11/2023, 07:55:09.636633",0.0,0.0,0.0,0.0,0.0,0.0,0.0,0.0,0,0,0,0,0,0,0.0
"19/11/2023, 07:55:10.202928",0.0,0.0,0.0,0.0,0.0,0.0,0.0,0.0,0,0,0,0,0,0,0.0
"19/11/2023, 07:55:10.771946",0.0,0.0,0.0,0.0,0.0,0.0,0.0,0.0,0,0,0,0,0,0,0.0
"19/11/2023, 07:55:11.339410",0.0,0.0,0.0,0.0,0.0,0.0,0.0,0.0,0,0,0,0,0,0,0.0
"19/11/2023, 07:55:11.906584",0.0,0.0,0.0,0.0,0.0,0.0,0.0,0.0,0,0,0,0,0,0,0.0
"19/11/2023, 07:55:12.474597",0.0,0.0,0.0,0.0,0.0,0.0,0.0,0.0,0,0,0,0,0,0,0.0
"19/11/2023, 07:55:13.041579",0.0,0.0,0.0,0.0,0.0,0.0,0.0,0.0,0,0,0,0,0,0,0.0
"19/11/2023, 07:55:13.609663",0.0,0.0,0.0,0.0,0.0,0.0,0.0,0.0,0,0,0,0,0,0,0.0
"19/11/2023, 07:55:14.178103",0.0,0.0,0.0,0.0,0.0,0.0,0.0,0.0,0,0,0,0,0,0,0.0
"19/11/2023, 07:55:14.745719",0.0,0.0,0.0,0.0,0.0,0.0,0.0,0.0,0,0,0,0,0,0,0.0
"19/11/2023, 07:55:15.313997",0.0,0.0,0.0,0.0,0.0,0.0,0.0,0.0,0,0,0,0,0,0,0.0
"19/11/2023, 07:55:15.880777",0.0,0.0,0.0,0.0,0.0,0.0,0.0,0.0,0,0,0,0,0,0,0.0
"19/11/2023, 07:55:16.447733",0.0,0.0,0.0,0.0,0.0,0.0,0.0,0.0,0,0,0,0,0,0,0.0
"19/11/2023, 07:55:17.016250",0.0,0.0,0.0,0.0,0.0,0.0,0.0,0.0,0,0,0,0,0,0,0.0
"19/11/2023, 07:55:17.583604",0.0,0.0,0.0,0.0,0.0,0.0,0.0,0.0,0,0,0,0,0,0,0.0
"19/11/2023, 07:55:18.151459",0.0,0.0,0.0,0.0,0.0,0.0,0.0,0.0,0,0,0,0,0,0,0.0
"19/11/2023, 07:55:18.719097",0.0,0.0,0.0,0.0,0.0,0.0,0.0,0.0,0,0,0,0,0,0,0.0
"19/11/2023, 07:55:19.286310",0.0,0.0,0.0,0.0,0.0,0.0,0.0,0.0,0,0,0,0,0,0,0.0
"19/11/2023, 07:55:19.854596",0.0,0.0,0.0,0.0,0.0,0.0,0.0,0.0,0,0,0,0,0,0,0.0
"19/11/2023, 07:55:20.422047",0.0,0.0,0.0,0.0,0.0,0.0,0.0,0.0,0,0,0,0,0,0,0.0
"19/11/2023, 07:55:20.989897",0.0,0.0,0.0,0.0,0.0,0.0,0.0,0.0,0,0,0,0,0,0,0.0
"19/11/2023, 07:55:21.558160",0.0,0.0,0.0,0.0,0.0,0.0,0.0,0.0,0,0,0,0,0,0,0.0
"19/11/2023, 07:55:22.124851",0.0,0.0,0.0,0.0,0.0,0.0,0.0,0.0,0,0,0,0,0,0,0.0
"19/11/2023, 07:55:22.692925",0.0,0.0,0.0,0.0,0.0,0.0,0.0,0.0,0,0,0,0,0,0,0.0
"19/11/2023, 07:55:23.261140",0.0,0.0,0.0,0.0,0.0,0.0,0.0,0.0,0,0,0,0,0,0,0.0
"19/11/2023, 07:55:23.828046",0.0,0.0,0.0,0.0,0.0,0.0,0.0,0.0,0,0,0,0,0,0,0.0
"19/11/2023, 07:55:24.396388",0.0,0.0,0.0,0.0,0.0,0.0,0.0,0.0,0,0,0,0,0,0,0.0
"19/11/2023, 07:55:24.964753",0.0,0.0,0.0,0.0,0.0,0.0,0.0,0.0,0,0,0,0,0,0,0.0
"19/11/2023, 07:55:25.530523",0.0,0.0,0.0,0.0,0.0,0.0,0.0,0.0,0,0,0,0,0,0,0.0
"19/11/2023, 07:55:26.099071",0.0,0.0,0.0,0.0,0.0,0.0,0.0,0.0,0,0,0,0,0,0,0.0
"19/11/2023, 07:55:26.666149",0.0,0.0,0.0,0.0,0.0,0.0,0.0,0.0,0,0,0,0,0,0,0.0
"19/11/2023, 07:55:27.234504",0.0,0.0,0.0,0.0,0.0,0.0,0.0,0.0,0,0,0,0,0,0,0.0
"19/11/2023, 07:55:27.801200",0.0,0.0,0.0,0.0,0.0,0.0,0.0,0.0,0,0,0,0,0,0,0.0
"19/11/2023, 07:55:28.369842",0.0,0.0,0.0,0.0,0.0,0.0,0.0,0.0,0,0,0,0,0,0,0.0
"19/11/2023, 07:55:28.938179",0.0,0.0,0.0,0.0,0.0,0.0,0.0,0.0,0,0,0,0,0,0,0.0
"19/11/2023, 07:55:29.505452",0.0,0.0,0.0,0.0,0.0,0.0,0.0,0.0,0,0,0,0,0,0,0.0
"19/11/2023, 07:55:30.073147",0.0,0.0,0.0,0.0,0.0,0.0,0.0,0.0,0,0,0,0,0,0,0.0
"19/11/2023, 07:55:30.640139",0.0,0.0,0.0,0.0,0.0,0.0,0.0,0.0,0,0,0,0,0,0,0.0
"19/11/2023, 07:55:31.207654",0.0,0.0,0.0,0.0,0.0,0.0,0.0,0.0,0,0,0,0,0,0,0.0
"19/11/2023, 07:55:31.776989",0.0,0.0,0.0,0.0,0.0,0.0,0.0,0.0,0,0,0,0,0,0,0.0
"19/11/2023, 07:55:32.343989",0.0,0.0,0.0,0.0,0.0,0.0,0.0,0.0,0,0,0,0,0,0,0.0
"19/11/2023, 07:55:32.910755",0.0,0.0,0.0,0.0,0.0,0.0,0.0,0.0,0,0,0,0,0,0,0.0
"19/11/2023, 07:55:33.479075",0.0,0.0,0.0,0.0,0.0,0.0,0.0,0.0,0,0,0,0,0,0,0.0
"19/11/2023, 07:55:34.046062",0.0,0.0,0.0,0.0,0.0,0.0,0.0,0.0,0,0,0,0,0,0,0.0
"19/11/2023, 07:55:34.614992",0.0,0.0,0.0,0.0,0.0,0.0,0.0,0.0,0,0,0,0,0,0,0.0
"19/11/2023, 07:55:35.181627",0.0,0.0,0.0,0.0,0.0,0.0,0.0,0.0,0,0,0,0,0,0,0.0
"19/11/2023, 07:55:35.749453",0.0,0.0,0.0,0.0,0.0,0.0,0.0,0.0,0,0,0,0,0,0,0.0
"19/11/2023, 07:55:36.317376",0.0,0.0,0.0,0.0,0.0,0.0,0.0,0.0,0,0,0,0,0,0,0.0
"19/11/2023, 07:55:36.883807",0.0,0.0,0.0,0.0,0.0,0.0,0.0,0.0,0,0,0,0,0,0,0.0
"19/11/2023, 07:55:37.451692",0.0,0.0,0.0,0.0,0.0,0.0,0.0,0.0,0,0,0,0,0,0,0.0
"19/11/2023, 07:55:38.020022",0.0,0.0,0.0,0.0,0.0,0.0,0.0,0.0,0,0,0,0,0,0,0.0
"19/11/2023, 07:55:38.588165",0.0,0.0,0.0,0.0,0.0,0.0,0.0,0.0,0,0,0,0,0,0,0.0
"19/11/2023, 07:55:39.156243",0.0,0.0,0.0,0.0,0.0,0.0,0.0,0.0,0,0,0,0,0,0,0.0
"19/11/2023, 07:55:39.723092",0.0,0.0,0.0,0.0,0.0,0.0,0.0,0.0,0,0,0,0,0,0,0.0
"19/11/2023, 07:55:40.290222",0.0,0.0,0.0,0.0,0.0,0.0,0.0,0.0,0,0,0,0,0,0,0.0
"19/11/2023, 07:55:40.858476",0.0,0.0,0.0,0.0,0.0,0.0,0.0,0.0,0,0,0,0,0,0,0.0
"19/11/2023, 07:55:41.425298",0.0,0.0,0.0,0.0,0.0,0.0,0.0,0.0,0,0,0,0,0,0,0.0
"19/11/2023, 07:55:41.992812",0.0,0.0,0.0,0.0,0.0,0.0,0.0,0.0,0,0,0,0,0,0,0.0
"19/11/2023, 07:55:42.561527",0.0,0.0,0.0,0.0,0.0,0.0,0.0,0.0,0,0,0,0,0,0,0.0
"19/11/2023, 07:55:43.129376",0.0,0.0,0.0,0.0,0.0,0.0,0.0,0.0,0,0,0,0,0,0,0.0
"19/11/2023, 07:55:43.697830",0.0,0.0,0.0,0.0,0.0,0.0,0.0,0.0,0,0,0,0,0,0,0.0
"19/11/2023, 07:55:44.265052",0.0,0.0,0.0,0.0,0.0,0.0,0.0,0.0,0,0,0,0,0,0,0.0
"19/11/2023, 07:55:44.831059",0.0,0.0,0.0,0.0,0.0,0.0,0.0,0.0,0,0,0,0,0,0,0.0
"19/11/2023, 07:55:45.399694",0.0,0.0,0.0,0.0,0.0,0.0,0.0,0.0,0,0,0,0,0,0,0.0
"19/11/2023, 07:55:45.967781",0.0,0.0,0.0,0.0,0.0,0.0,0.0,0.0,0,0,0,0,0,0,0.0
"19/11/2023, 07:55:46.536138",0.0,0.0,0.0,0.0,0.0,0.0,0.0,0.0,0,0,0,0,0,0,0.0
"19/11/2023, 07:55:47.103374",0.0,0.0,0.0,0.0,0.0,0.0,0.0,0.0,0,0,0,0,0,0,0.0
"19/11/2023, 07:55:47.669695",0.0,0.0,0.0,0.0,0.0,0.0,0.0,0.0,0,0,0,0,0,0,0.0
"19/11/2023, 07:55:48.238128",0.0,0.0,0.0,0.0,0.0,0.0,0.0,0.0,0,0,0,0,0,0,0.0
"19/11/2023, 07:55:48.805609",0.0,0.0,0.0,0.0,0.0,0.0,0.0,0.0,0,0,0,0,0,0,0.0
"19/11/2023, 07:55:49.373385",0.0,0.0,0.0,0.0,0.0,0.0,0.0,0.0,0,0,0,0,0,0,0.0
"19/11/2023, 07:55:49.941023",0.0,0.0,0.0,0.0,0.0,0.0,0.0,0.0,0,0,0,0,0,0,0.0
"19/11/2023, 07:55:50.509210",0.0,0.0,0.0,0.0,0.0,0.0,0.0,0.0,0,0,0,0,0,0,0.0
"19/11/2023, 07:55:51.077115",0.0,0.0,0.0,0.0,0.0,0.0,0.0,0.0,0,0,0,0,0,0,0.0
"19/11/2023, 07:55:51.644682",0.0,0.0,0.0,0.0,0.0,0.0,0.0,0.0,0,0,0,0,0,0,0.0
"19/11/2023, 07:55:52.211612",0.0,0.0,0.0,0.0,0.0,0.0,0.0,0.0,0,0,0,0,0,0,0.0
"19/11/2023, 07:55:52.779457",0.0,0.0,0.0,0.0,0.0,0.0,0.0,0.0,0,0,0,0,0,0,0.0
"19/11/2023, 07:55:53.346422",0.0,0.0,0.0,0.0,0.0,0.0,0.0,0.0,0,0,0,0,0,0,0.0
"19/11/2023, 07:55:53.914392",0.0,0.0,0.0,0.0,0.0,0.0,0.0,0.0,0,0,0,0,0,0,0.0
"19/11/2023, 07:55:54.481302",0.0,0.0,0.0,0.0,0.0,0.0,0.0,0.0,0,0,0,0,0,0,0.0
"19/11/2023, 07:55:55.048443",0.0,0.0,0.0,0.0,0.0,0.0,0.0,0.0,0,0,0,0,0,0,0.0
"19/11/2023, 07:55:55.618266",0.0,0.0,0.0,0.0,0.0,0.0,0.0,0.0,0,0,0,0,0,0,0.0
"19/11/2023, 07:55:56.185268",0.0,0.0,0.0,0.0,0.0,0.0,0.0,0.0,0,0,0,0,0,0,0.0
"19/11/2023, 07:55:56.752161",0.0,0.0,0.0,0.0,0.0,0.0,0.0,0.0,0,0,0,0,0,0,0.0
"19/11/2023, 07:55:57.320288",0.0,0.0,0.0,0.0,0.0,0.0,0.0,0.0,0,0,0,0,0,0,0.0
"19/11/2023, 07:55:57.887590",0.0,0.0,0.0,0.0,0.0,0.0,0.0,0.0,0,0,0,0,0,0,0.0
"19/11/2023, 07:55:58.455426",0.0,0.0,0.0,0.0,0.0,0.0,0.0,0.0,0,0,0,0,0,0,0.0
"19/11/2023, 07:55:59.022512",0.0,0.0,0.0,0.0,0.0,0.0,0.0,0.0,0,0,0,0,0,0,0.0
"19/11/2023, 07:55:59.590408",0.0,0.0,0.0,0.0,0.0,0.0,0.0,0.0,0,0,0,0,0,0,0.0
"19/11/2023, 07:56:00.158738",0.0,0.0,0.0,0.0,0.0,0.0,0.0,0.0,0,0,0,0,0,0,0.0
"19/11/2023, 07:56:00.725106",0.0,0.0,0.0,0.0,0.0,0.0,0.0,0.0,0,0,0,0,0,0,0.0
"19/11/2023, 07:56:01.294083",0.0,0.0,0.0,0.0,0.0,0.0,0.0,0.0,0,0,0,0,0,0,0.0
"19/11/2023, 07:56:01.862478",0.0,0.0,0.0,0.0,0.0,0.0,0.0,0.0,0,0,0,0,0,0,0.0
"19/11/2023, 07:56:02.429550",0.0,0.0,0.0,0.0,0.0,0.0,0.0,0.0,0,0,0,0,0,0,0.0
"19/11/2023, 07:56:02.997653",0.0,0.0,0.0,0.0,0.0,0.0,0.0,0.0,0,0,0,0,0,0,0.0
"19/11/2023, 07:56:03.564163",0.0,0.0,0.0,0.0,0.0,0.0,0.0,0.0,0,0,0,0,0,0,0.0
"19/11/2023, 07:56:04.131996",0.0,0.0,0.0,0.0,0.0,0.0,0.0,0.0,0,0,0,0,0,0,0.0
"19/11/2023, 07:56:04.700497",0.0,0.0,0.0,0.0,0.0,0.0,0.0,0.0,0,0,0,0,0,0,0.0
"19/11/2023, 07:56:05.267931",0.0,0.0,0.0,0.0,0.0,0.0,0.0,0.0,0,0,0,0,0,0,0.0
"19/11/2023, 07:56:05.834866",0.0,0.0,0.0,0.0,0.0,0.0,0.0,0.0,0,0,0,0,0,0,0.0
"19/11/2023, 07:56:06.403092",0.0,0.0,0.0,0.0,0.0,0.0,0.0,0.0,0,0,0,0,0,0,0.0
"19/11/2023, 07:56:06.970570",0.0,0.0,0.0,0.0,0.0,0.0,0.0,0.0,0,0,0,0,0,0,0.0
"19/11/2023, 07:56:07.538972",0.0,0.0,0.0,0.0,0.0,0.0,0.0,0.0,0,0,0,0,0,0,0.0
"19/11/2023, 07:56:08.106368",0.0,0.0,0.0,0.0,0.0,0.0,0.0,0.0,0,0,0,0,0,0,0.0
"19/11/2023, 07:56:08.673473",0.0,0.0,0.0,0.0,0.0,0.0,0.0,0.0,0,0,0,0,0,0,0.0
"19/11/2023, 07:56:09.242579",0.0,0.0,0.0,0.0,0.0,0.0,0.0,0.0,0,0,0,0,0,0,0.0
"19/11/2023, 07:56:09.809543",0.0,0.0,0.0,0.0,0.0,0.0,0.0,0.0,0,0,0,0,0,0,0.0
"19/11/2023, 07:56:10.376631",0.0,0.0,0.0,0.0,0.0,0.0,0.0,0.0,0,0,0,0,0,0,0.0
"19/11/2023, 07:56:10.945482",0.0,0.0,0.0,0.0,0.0,0.0,0.0,0.0,0,0,0,0,0,0,0.0
"19/11/2023, 07:56:11.512659",0.0,0.0,0.0,0.0,0.0,0.0,0.0,0.0,0,0,0,0,0,0,0.0
"19/11/2023, 07:56:12.080303",0.0,0.0,0.0,0.0,0.0,0.0,0.0,0.0,0,0,0,0,0,0,0.0
"19/11/2023, 07:56:12.647819",0.0,0.0,0.0,0.0,0.0,0.0,0.0,0.0,0,0,0,0,0,0,0.0
"19/11/2023, 07:56:13.213930",0.0,0.0,0.0,0.0,0.0,0.0,0.0,0.0,0,0,0,0,0,0,0.0
"19/11/2023, 07:56:13.782833",0.0,0.0,0.0,0.0,0.0,0.0,0.0,0.0,0,0,0,0,0,0,0.0
"19/11/2023, 07:56:14.350868",0.0,0.0,0.0,0.0,0.0,0.0,0.0,0.0,0,0,0,0,0,0,0.0
"19/11/2023, 07:56:14.918966",0.0,0.0,0.0,0.0,0.0,0.0,0.0,0.0,0,0,0,0,0,0,0.0
"19/11/2023, 07:56:15.486390",0.0,0.0,0.0,0.0,0.0,0.0,0.0,0.0,0,0,0,0,0,0,0.0
"19/11/2023, 07:56:16.053371",0.0,0.0,0.0,0.0,0.0,0.0,0.0,0.0,0,0,0,0,0,0,0.0
"19/11/2023, 07:56:16.621248",0.0,0.0,0.0,0.0,0.0,0.0,0.0,0.0,0,0,0,0,0,0,0.0
"19/11/2023, 07:56:17.189470",0.0,0.0,0.0,0.0,0.0,0.0,0.0,0.0,0,0,0,0,0,0,0.0
"19/11/2023, 07:56:17.756908",0.0,0.0,0.0,0.0,0.0,0.0,0.0,0.0,0,0,0,0,0,0,0.0
"19/11/2023, 07:56:18.324730",0.0,0.0,0.0,0.0,0.0,0.0,0.0,0.0,0,0,0,0,0,0,0.0
"19/11/2023, 07:56:18.892004",0.0,0.0,0.0,0.0,0.0,0.0,0.0,0.0,0,0,0,0,0,0,0.0
"19/11/2023, 07:56:19.460243",0.0,0.0,0.0,0.0,0.0,0.0,0.0,0.0,0,0,0,0,0,0,0.0
"19/11/2023, 07:56:20.027650",0.0,0.0,0.0,0.0,0.0,0.0,0.0,0.0,0,0,0,0,0,0,0.0
"19/11/2023, 07:56:20.595767",0.0,0.0,0.0,0.0,0.0,0.0,0.0,0.0,0,0,0,0,0,0,0.0
"19/11/2023, 07:56:21.164229",0.0,0.0,0.0,0.0,0.0,0.0,0.0,0.0,0,0,0,0,0,0,0.0
"19/11/2023, 07:56:21.731007",0.0,0.0,0.0,0.0,0.0,0.0,0.0,0.0,0,0,0,0,0,0,0.0
"19/11/2023, 07:56:22.299219",0.0,0.0,0.0,0.0,0.0,0.0,0.0,0.0,0,0,0,0,0,0,0.0
"19/11/2023, 07:56:22.867002",0.0,0.0,0.0,0.0,0.0,0.0,0.0,0.0,0,0,0,0,0,0,0.0
"19/11/2023, 07:56:23.433524",0.0,0.0,0.0,0.0,0.0,0.0,0.0,0.0,0,0,0,0,0,0,0.0
"19/11/2023, 07:56:24.002221",0.0,0.0,0.0,0.0,0.0,0.0,0.0,0.0,0,0,0,0,0,0,0.0
"19/11/2023, 07:56:24.569618",0.0,0.0,0.0,0.0,0.0,0.0,0.0,0.0,0,0,0,0,0,0,0.0
"19/11/2023, 07:56:25.135341",0.0,0.0,0.0,0.0,0.0,0.0,0.0,0.0,0,0,0,0,0,0,0.0
"19/11/2023, 07:56:25.704918",0.0,0.0,0.0,0.0,0.0,0.0,0.0,0.0,0,0,0,0,0,0,0.0
"19/11/2023, 07:56:26.273190",0.0,0.0,0.0,0.0,0.0,0.0,0.0,0.0,0,0,0,0,0,0,0.0
"19/11/2023, 07:56:26.840962",0.0,0.0,0.0,0.0,0.0,0.0,0.0,0.0,0,0,0,0,0,0,0.0
"19/11/2023, 07:56:27.408146",0.0,0.0,0.0,0.0,0.0,0.0,0.0,0.0,0,0,0,0,0,0,0.0
"19/11/2023, 07:56:27.975354",0.0,0.0,0.0,0.0,0.0,0.0,0.0,0.0,0,0,0,0,0,0,0.0
"19/11/2023, 07:56:28.543333",0.0,0.0,0.0,0.0,0.0,0.0,0.0,0.0,0,0,0,0,0,0,0.0
"19/11/2023, 07:56:29.111215",0.0,0.0,0.0,0.0,0.0,0.0,0.0,0.0,0,0,0,0,0,0,0.0
"19/11/2023, 07:56:29.677638",0.0,0.0,0.0,0.0,0.0,0.0,0.0,0.0,0,0,0,0,0,0,0.0
"19/11/2023, 07:56:30.245730",0.0,0.0,0.0,0.0,0.0,0.0,0.0,0.0,0,0,0,0,0,0,0.0
"19/11/2023, 07:56:30.813074",0.0,0.0,0.0,0.0,0.0,0.0,0.0,0.0,0,0,0,0,0,0,0.0
"19/11/2023, 07:56:31.381782",0.0,0.0,0.0,0.0,0.0,0.0,0.0,0.0,0,0,0,0,0,0,0.0
"19/11/2023, 07:56:31.948793",0.0,0.0,0.0,0.0,0.0,0.0,0.0,0.0,0,0,0,0,0,0,0.0
"19/11/2023, 07:56:32.515966",0.0,0.0,0.0,0.0,0.0,0.0,0.0,0.0,0,0,0,0,0,0,0.0
"19/11/2023, 07:56:33.084657",0.0,0.0,0.0,0.0,0.0,0.0,0.0,0.0,0,0,0,0,0,0,0.0
"19/11/2023, 07:56:33.651783",0.0,0.0,0.0,0.0,0.0,0.0,0.0,0.0,0,0,0,0,0,0,0.0
"19/11/2023, 07:56:34.219712",0.0,0.0,0.0,0.0,0.0,0.0,0.0,0.0,0,0,0,0,0,0,0.0
"19/11/2023, 07:56:34.787159",0.0,0.0,0.0,0.0,0.0,0.0,0.0,0.0,0,0,0,0,0,0,0.0
"19/11/2023, 07:56:35.354295",0.0,0.0,0.0,0.0,0.0,0.0,0.0,0.0,0,0,0,0,0,0,0.0
"19/11/2023, 07:56:35.922643",0.0,0.0,0.0,0.0,0.0,0.0,0.0,0.0,0,0,0,0,0,0,0.0
"19/11/2023, 07:56:36.489237",0.0,0.0,0.0,0.0,0.0,0.0,0.0,0.0,0,0,0,0,0,0,0.0
"19/11/2023, 07:56:37.057383",0.0,0.0,0.0,0.0,0.0,0.0,0.0,0.0,0,0,0,0,0,0,0.0
"19/11/2023, 07:56:37.625583",0.0,0.0,0.0,0.0,0.0,0.0,0.0,0.0,0,0,0,0,0,0,0.0
"19/11/2023, 07:56:38.193166",0.0,0.0,0.0,0.0,0.0,0.0,0.0,0.0,0,0,0,0,0,0,0.0
"19/11/2023, 07:56:38.761028",0.0,0.0,0.0,0.0,0.0,0.0,0.0,0.0,0,0,0,0,0,0,0.0
"19/11/2023, 07:56:39.328317",0.0,0.0,0.0,0.0,0.0,0.0,0.0,0.0,0,0,0,0,0,0,0.0
"19/11/2023, 07:56:39.895540",0.0,0.0,0.0,0.0,0.0,0.0,0.0,0.0,0,0,0,0,0,0,0.0
"19/11/2023, 07:56:40.463540",0.0,0.0,0.0,0.0,0.0,0.0,0.0,0.0,0,0,0,0,0,0,0.0
"19/11/2023, 07:56:41.031232",0.0,0.0,0.0,0.0,0.0,0.0,0.0,0.0,0,0,0,0,0,0,0.0
"19/11/2023, 07:56:41.599491",0.0,0.0,0.0,0.0,0.0,0.0,0.0,0.0,0,0,0,0,0,0,0.0
"19/11/2023, 07:56:42.166802",0.0,0.0,0.0,0.0,0.0,0.0,0.0,0.0,0,0,0,0,0,0,0.0
"19/11/2023, 07:56:42.734223",0.0,0.0,0.0,0.0,0.0,0.0,0.0,0.0,0,0,0,0,0,0,0.0
"19/11/2023, 07:56:43.302666",0.0,0.0,0.0,0.0,0.0,0.0,0.0,0.0,0,0,0,0,0,0,0.0
"19/11/2023, 07:56:43.869993",0.0,0.0,0.0,0.0,0.0,0.0,0.0,0.0,0,0,0,0,0,0,0.0
"19/11/2023, 07:56:44.436798",0.0,0.0,0.0,0.0,0.0,0.0,0.0,0.0,0,0,0,0,0,0,0.0
"19/11/2023, 07:56:45.005454",0.0,0.0,0.0,0.0,0.0,0.0,0.0,0.0,0,0,0,0,0,0,0.0
"19/11/2023, 07:56:45.571144",0.0,0.0,0.0,0.0,0.0,0.0,0.0,0.0,0,0,0,0,0,0,0.0
"19/11/2023, 07:56:46.139269",0.0,0.0,0.0,0.0,0.0,0.0,0.0,0.0,0,0,0,0,0,0,0.0
"19/11/2023, 07:56:46.706845",0.0,0.0,0.0,0.0,0.0,0.0,0.0,0.0,0,0,0,0,0,0,0.0
"19/11/2023, 07:56:47.274519",0.0,0.0,0.0,0.0,0.0,0.0,0.0,0.0,0,0,0,0,0,0,0.0
"19/11/2023, 07:56:47.843403",0.0,0.0,0.0,0.0,0.0,0.0,0.0,0.0,0,0,0,0,0,0,0.0
"19/11/2023, 07:56:48.410441",0.0,0.0,0.0,0.0,0.0,0.0,0.0,0.0,0,0,0,0,0,0,0.0
"19/11/2023, 07:56:48.977597",0.0,0.0,0.0,0.0,0.0,0.0,0.0,0.0,0,0,0,0,0,0,0.0
"19/11/2023, 07:56:49.546286",0.0,0.0,0.0,0.0,0.0,0.0,0.0,0.0,0,0,0,0,0,0,0.0
"19/11/2023, 07:56:50.112920",0.0,0.0,0.0,0.0,0.0,0.0,0.0,0.0,0,0,0,0,0,0,0.0
"19/11/2023, 07:56:50.681442",0.0,0.0,0.0,0.0,0.0,0.0,0.0,0.0,0,0,0,0,0,0,0.0
"19/11/2023, 07:56:51.248524",0.0,0.0,0.0,0.0,0.0,0.0,0.0,0.0,0,0,0,0,0,0,0.0
"19/11/2023, 07:56:51.815690",0.0,0.0,0.0,0.0,0.0,0.0,0.0,0.0,0,0,0,0,0,0,0.0
"19/11/2023, 07:56:52.384617",0.0,0.0,0.0,0.0,0.0,0.0,0.0,0.0,0,0,0,0,0,0,0.0
"19/11/2023, 07:56:52.950576",0.0,0.0,0.0,0.0,0.0,0.0,0.0,0.0,0,0,0,0,0,0,0.0
"19/11/2023, 07:56:53.519552",0.0,0.0,0.0,0.0,0.0,0.0,0.0,0.0,0,0,0,0,0,0,0.0
"19/11/2023, 07:56:54.087680",0.0,0.0,0.0,0.0,0.0,0.0,0.0,0.0,0,0,0,0,0,0,0.0
"19/11/2023, 07:56:54.654045",0.0,0.0,0.0,0.0,0.0,0.0,0.0,0.0,0,0,0,0,0,0,0.0
"19/11/2023, 07:56:55.222489",0.0,0.0,0.0,0.0,0.0,0.0,0.0,0.0,0,0,0,0,0,0,0.0
"19/11/2023, 07:56:55.790299",0.0,0.0,0.0,0.0,0.0,0.0,0.0,0.0,0,0,0,0,0,0,0.0
"19/11/2023, 07:56:56.356248",0.0,0.0,0.0,0.0,0.0,0.0,0.0,0.0,0,0,0,0,0,0,0.0
"19/11/2023, 07:56:56.925660",0.0,0.0,0.0,0.0,0.0,0.0,0.0,0.0,0,0,0,0,0,0,0.0
"19/11/2023, 07:56:57.492991",0.0,0.0,0.0,0.0,0.0,0.0,0.0,0.0,0,0,0,0,0,0,0.0
"19/11/2023, 07:56:58.061086",0.0,0.0,0.0,0.0,0.0,0.0,0.0,0.0,0,0,0,0,0,0,0.0
"19/11/2023, 07:56:58.627809",0.0,0.0,0.0,0.0,0.0,0.0,0.0,0.0,0,0,0,0,0,0,0.0
"19/11/2023, 07:56:59.194860",0.0,0.0,0.0,0.0,0.0,0.0,0.0,0.0,0,0,0,0,0,0,0.0
"19/11/2023, 07:56:59.763260",0.0,0.0,0.0,0.0,0.0,0.0,0.0,0.0,0,0,0,0,0,0,0.0
"19/11/2023, 07:57:00.330787",0.0,0.0,0.0,0.0,0.0,0.0,0.0,0.0,0,0,0,0,0,0,0.0
"19/11/2023, 07:57:00.900267",0.0,0.0,0.0,0.0,0.0,0.0,0.0,0.0,0,0,0,0,0,0,0.0
"19/11/2023, 07:57:01.466317",0.0,0.0,0.0,0.0,0.0,0.0,0.0,0.0,0,0,0,0,0,0,0.0
"19/11/2023, 07:57:02.033876",0.0,0.0,0.0,0.0,0.0,0.0,0.0,0.0,0,0,0,0,0,0,0.0
"19/11/2023, 07:57:02.602755",0.0,0.0,0.0,0.0,0.0,0.0,0.0,0.0,0,0,0,0,0,0,0.0
"19/11/2023, 07:57:03.169906",0.0,0.0,0.0,0.0,0.0,0.0,0.0,0.0,0,0,0,0,0,0,0.0
"19/11/2023, 07:57:03.736430",0.0,0.0,0.0,0.0,0.0,0.0,0.0,0.0,0,0,0,0,0,0,0.0
"19/11/2023, 07:57:04.305219",0.0,0.0,0.0,0.0,0.0,0.0,0.0,0.0,0,0,0,0,0,0,0.0
"19/11/2023, 07:57:04.872042",0.0,0.0,0.0,0.0,0.0,0.0,0.0,0.0,0,0,0,0,0,0,0.0
"19/11/2023, 07:57:05.439569",0.0,0.0,0.0,0.0,0.0,0.0,0.0,0.0,0,0,0,0,0,0,0.0
"19/11/2023, 07:57:06.007615",0.0,0.0,0.0,0.0,0.0,0.0,0.0,0.0,0,0,0,0,0,0,0.0
"19/11/2023, 07:57:06.575128",0.0,0.0,0.0,0.0,0.0,0.0,0.0,0.0,0,0,0,0,0,0,0.0
"19/11/2023, 07:57:07.143317",0.0,0.0,0.0,0.0,0.0,0.0,0.0,0.0,0,0,0,0,0,0,0.0
"19/11/2023, 07:57:07.710400",0.0,0.0,0.0,0.0,0.0,0.0,0.0,0.0,0,0,0,0,0,0,0.0
"19/11/2023, 07:57:08.278748",0.0,0.0,0.0,0.0,0.0,0.0,0.0,0.0,0,0,0,0,0,0,0.0
"19/11/2023, 07:57:08.845883",0.0,0.0,0.0,0.0,0.0,0.0,0.0,0.0,0,0,0,0,0,0,0.0
"19/11/2023, 07:57:09.413490",0.0,0.0,0.0,0.0,0.0,0.0,0.0,0.0,0,0,0,0,0,0,0.0
"19/11/2023, 07:57:09.980953",0.0,0.0,0.0,0.0,0.0,0.0,0.0,0.0,0,0,0,0,0,0,0.0
"19/11/2023, 07:57:10.548665",0.0,0.0,0.0,0.0,0.0,0.0,0.0,0.0,0,0,0,0,0,0,0.0
"19/11/2023, 07:57:11.115735",0.0,0.0,0.0,0.0,0.0,0.0,0.0,0.0,0,0,0,0,0,0,0.0
"19/11/2023, 07:57:11.683996",0.0,0.0,0.0,0.0,0.0,0.0,0.0,0.0,0,0,0,0,0,0,0.0
"19/11/2023, 07:57:12.252302",0.0,0.0,0.0,0.0,0.0,0.0,0.0,0.0,0,0,0,0,0,0,0.0
"19/11/2023, 07:57:12.821223",0.0,0.0,0.0,0.0,0.0,0.0,0.0,0.0,0,0,0,0,0,0,0.0
"19/11/2023, 07:57:13.388619",0.0,0.0,0.0,0.0,0.0,0.0,0.0,0.0,0,0,0,0,0,0,0.0
"19/11/2023, 07:57:13.954918",0.0,0.0,0.0,0.0,0.0,0.0,0.0,0.0,0,0,0,0,0,0,0.0
"19/11/2023, 07:57:14.522944",0.0,0.0,0.0,0.0,0.0,0.0,0.0,0.0,0,0,0,0,0,0,0.0
"19/11/2023, 07:57:15.090886",0.0,0.0,0.0,0.0,0.0,0.0,0.0,0.0,0,0,0,0,0,0,0.0
"19/11/2023, 07:57:15.657783",0.0,0.0,0.0,0.0,0.0,0.0,0.0,0.0,0,0,0,0,0,0,0.0
"19/11/2023, 07:57:16.225949",0.0,0.0,0.0,0.0,0.0,0.0,0.0,0.0,0,0,0,0,0,0,0.0
"19/11/2023, 07:57:16.793427",0.0,0.0,0.0,0.0,0.0,0.0,0.0,0.0,0,0,0,0,0,0,0.0
"19/11/2023, 07:57:17.361548",0.0,0.0,0.0,0.0,0.0,0.0,0.0,0.0,0,0,0,0,0,0,0.0
"19/11/2023, 07:57:17.929182",0.0,0.0,0.0,0.0,0.0,0.0,0.0,0.0,0,0,0,0,0,0,0.0
"19/11/2023, 07:57:18.497034",0.0,0.0,0.0,0.0,0.0,0.0,0.0,0.0,0,0,0,0,0,0,0.0
"19/11/2023, 07:57:19.065114",0.0,0.0,0.0,0.0,0.0,0.0,0.0,0.0,0,0,0,0,0,0,0.0
"19/11/2023, 07:57:19.632603",0.0,0.0,0.0,0.0,0.0,0.0,0.0,0.0,0,0,0,0,0,0,0.0
"19/11/2023, 07:57:20.200546",0.0,0.0,0.0,0.0,0.0,0.0,0.0,0.0,0,0,0,0,0,0,0.0
"19/11/2023, 07:57:20.766514",0.0,0.0,0.0,0.0,0.0,0.0,0.0,0.0,0,0,0,0,0,0,0.0
"19/11/2023, 07:57:21.334663",0.0,0.0,0.0,0.0,0.0,0.0,0.0,0.0,0,0,0,0,0,0,0.0
"19/11/2023, 07:57:21.903781",0.0,0.0,0.0,0.0,0.0,0.0,0.0,0.0,0,0,0,0,0,0,0.0
"19/11/2023, 07:57:22.471002",0.0,0.0,0.0,0.0,0.0,0.0,0.0,0.0,0,0,0,0,0,0,0.0
"19/11/2023, 07:57:23.037799",0.0,0.0,0.0,0.0,0.0,0.0,0.0,0.0,0,0,0,0,0,0,0.0
"19/11/2023, 07:57:23.606151",0.0,0.0,0.0,0.0,0.0,0.0,0.0,0.0,0,0,0,0,0,0,0.0
"19/11/2023, 07:57:24.172831",0.0,0.0,0.0,0.0,0.0,0.0,0.0,0.0,0,0,0,0,0,0,0.0
"19/11/2023, 07:57:24.741443",0.0,0.0,0.0,0.0,0.0,0.0,0.0,0.0,0,0,0,0,0,0,0.0
"19/11/2023, 07:57:25.308877",0.0,0.0,0.0,0.0,0.0,0.0,0.0,0.0,0,0,0,0,0,0,0.0
"19/11/2023, 07:57:25.876880",0.0,0.0,0.0,0.0,0.0,0.0,0.0,0.0,0,0,0,0,0,0,0.0
"19/11/2023, 07:57:26.444306",0.0,0.0,0.0,0.0,0.0,0.0,0.0,0.0,0,0,0,0,0,0,0.0
"19/11/2023, 07:57:27.011574",0.0,0.0,0.0,0.0,0.0,0.0,0.0,0.0,0,0,0,0,0,0,0.0
"19/11/2023, 07:57:27.579960",0.0,0.0,0.0,0.0,0.0,0.0,0.0,0.0,0,0,0,0,0,0,0.0
"19/11/2023, 07:57:28.148862",0.0,0.0,0.0,0.0,0.0,0.0,0.0,0.0,0,0,0,0,0,0,0.0
"19/11/2023, 07:57:28.715144",0.0,0.0,0.0,0.0,0.0,0.0,0.0,0.0,0,0,0,0,0,0,0.0
"19/11/2023, 07:57:29.282775",0.0,0.0,0.0,0.0,0.0,0.0,0.0,0.0,0,0,0,0,0,0,0.0
"19/11/2023, 07:57:29.849629",0.0,0.0,0.0,0.0,0.0,0.0,0.0,0.0,0,0,0,0,0,0,0.0
"19/11/2023, 07:57:30.417606",0.0,0.0,0.0,0.0,0.0,0.0,0.0,0.0,0,0,0,0,0,0,0.0
"19/11/2023, 07:57:30.986623",0.0,0.0,0.0,0.0,0.0,0.0,0.0,0.0,0,0,0,0,0,0,0.0
"19/11/2023, 07:57:31.553254",0.0,0.0,0.0,0.0,0.0,0.0,0.0,0.0,0,0,0,0,0,0,0.0
"19/11/2023, 07:57:32.122083",0.0,0.0,0.0,0.0,0.0,0.0,0.0,0.0,0,0,0,0,0,0,0.0
"19/11/2023, 07:57:32.688555",0.0,0.0,0.0,0.0,0.0,0.0,0.0,0.0,0,0,0,0,0,0,0.0
"19/11/2023, 07:57:33.254977",0.0,0.0,0.0,0.0,0.0,0.0,0.0,0.0,0,0,0,0,0,0,0.0
"19/11/2023, 07:57:33.823746",0.0,0.0,0.0,0.0,0.0,0.0,0.0,0.0,0,0,0,0,0,0,0.0
"19/11/2023, 07:57:34.390635",0.0,0.0,0.0,0.0,0.0,0.0,0.0,0.0,0,0,0,0,0,0,0.0
"19/11/2023, 07:57:34.959761",0.0,0.0,0.0,0.0,0.0,0.0,0.0,0.0,0,0,0,0,0,0,0.0
"19/11/2023, 07:57:35.527597",0.0,0.0,0.0,0.0,0.0,0.0,0.0,0.0,0,0,0,0,0,0,0.0
"19/11/2023, 07:57:36.094903",0.0,0.0,0.0,0.0,0.0,0.0,0.0,0.0,0,0,0,0,0,0,0.0
"19/11/2023, 07:57:36.663396",0.0,0.0,0.0,0.0,0.0,0.0,0.0,0.0,0,0,0,0,0,0,0.0
"19/11/2023, 07:57:37.230050",0.0,0.0,0.0,0.0,0.0,0.0,0.0,0.0,0,0,0,0,0,0,0.0
"19/11/2023, 07:57:37.798525",0.0,0.0,0.0,0.0,0.0,0.0,0.0,0.0,0,0,0,0,0,0,0.0
"19/11/2023, 07:57:38.365541",0.0,0.0,0.0,0.0,0.0,0.0,0.0,0.0,0,0,0,0,0,0,0.0
"19/11/2023, 07:57:38.932998",0.0,0.0,0.0,0.0,0.0,0.0,0.0,0.0,0,0,0,0,0,0,0.0
"19/11/2023, 07:57:39.500932",0.0,0.0,0.0,0.0,0.0,0.0,0.0,0.0,0,0,0,0,0,0,0.0
"19/11/2023, 07:57:40.067962",0.0,0.0,0.0,0.0,0.0,0.0,0.0,0.0,0,0,0,0,0,0,0.0
"19/11/2023, 07:57:40.636702",0.0,0.0,0.0,0.0,0.0,0.0,0.0,0.0,0,0,0,0,0,0,0.0
"19/11/2023, 07:57:41.204859",0.0,0.0,0.0,0.0,0.0,0.0,0.0,0.0,0,0,0,0,0,0,0.0
"19/11/2023, 07:57:41.771612",0.0,0.0,0.0,0.0,0.0,0.0,0.0,0.0,0,0,0,0,0,0,0.0
"19/11/2023, 07:57:42.340449",0.0,0.0,0.0,0.0,0.0,0.0,0.0,0.0,0,0,0,0,0,0,0.0
"19/11/2023, 07:57:42.906345",0.0,0.0,0.0,0.0,0.0,0.0,0.0,0.0,0,0,0,0,0,0,0.0
"19/11/2023, 07:57:43.474495",0.0,0.0,0.0,0.0,0.0,0.0,0.0,0.0,0,0,0,0,0,0,0.0
"19/11/2023, 07:57:44.042408",0.0,0.0,0.0,0.0,0.0,0.0,0.0,0.0,0,0,0,0,0,0,0.0
"19/11/2023, 07:57:44.610056",0.0,0.0,0.0,0.0,0.0,0.0,0.0,0.0,0,0,0,0,0,0,0.0
"19/11/2023, 07:57:45.177429",0.0,0.0,0.0,0.0,0.0,0.0,0.0,0.0,0,0,0,0,0,0,0.0
"19/11/2023, 07:57:45.746033",0.0,0.0,0.0,0.0,0.0,0.0,0.0,0.0,0,0,0,0,0,0,0.0
"19/11/2023, 07:57:46.313162",0.0,0.0,0.0,0.0,0.0,0.0,0.0,0.0,0,0,0,0,0,0,0.0
"19/11/2023, 07:57:46.881534",0.0,0.0,0.0,0.0,0.0,0.0,0.0,0.0,0,0,0,0,0,0,0.0
"19/11/2023, 07:57:47.447580",0.0,0.0,0.0,0.0,0.0,0.0,0.0,0.0,0,0,0,0,0,0,0.0
"19/11/2023, 07:57:48.016353",0.0,0.0,0.0,0.0,0.0,0.0,0.0,0.0,0,0,0,0,0,0,0.0
"19/11/2023, 07:57:48.584255",0.0,0.0,0.0,0.0,0.0,0.0,0.0,0.0,0,0,0,0,0,0,0.0
"19/11/2023, 07:57:49.151541",0.0,0.0,0.0,0.0,0.0,0.0,0.0,0.0,0,0,0,0,0,0,0.0
"19/11/2023, 07:57:49.719968",0.0,0.0,0.0,0.0,0.0,0.0,0.0,0.0,0,0,0,0,0,0,0.0
"19/11/2023, 07:57:50.287006",0.0,0.0,0.0,0.0,0.0,0.0,0.0,0.0,0,0,0,0,0,0,0.0
"19/11/2023, 07:57:50.854715",0.0,0.0,0.0,0.0,0.0,0.0,0.0,0.0,0,0,0,0,0,0,0.0
"19/11/2023, 07:57:51.422071",0.0,0.0,0.0,0.0,0.0,0.0,0.0,0.0,0,0,0,0,0,0,0.0
"19/11/2023, 07:57:51.989305",0.0,0.0,0.0,0.0,0.0,0.0,0.0,0.0,0,0,0,0,0,0,0.0
"19/11/2023, 07:57:52.558062",0.0,0.0,0.0,0.0,0.0,0.0,0.0,0.0,0,0,0,0,0,0,0.0
"19/11/2023, 07:57:53.124857",0.0,0.0,0.0,0.0,0.0,0.0,0.0,0.0,0,0,0,0,0,0,0.0
"19/11/2023, 07:57:53.693260",0.0,0.0,0.0,0.0,0.0,0.0,0.0,0.0,0,0,0,0,0,0,0.0
"19/11/2023, 07:57:54.262381",0.0,0.0,0.0,0.0,0.0,0.0,0.0,0.0,0,0,0,0,0,0,0.0
"19/11/2023, 07:57:54.829034",0.0,0.0,0.0,0.0,0.0,0.0,0.0,0.0,0,0,0,0,0,0,0.0
"19/11/2023, 07:57:55.396835",0.0,0.0,0.0,0.0,0.0,0.0,0.0,0.0,0,0,0,0,0,0,0.0
"19/11/2023, 07:57:55.964601",0.0,0.0,0.0,0.0,0.0,0.0,0.0,0.0,0,0,0,0,0,0,0.0
"19/11/2023, 07:57:56.531820",0.0,0.0,0.0,0.0,0.0,0.0,0.0,0.0,0,0,0,0,0,0,0.0
"19/11/2023, 07:57:57.101004",0.0,0.0,0.0,0.0,0.0,0.0,0.0,0.0,0,0,0,0,0,0,0.0
"19/11/2023, 07:57:57.667912",0.0,0.0,0.0,0.0,0.0,0.0,0.0,0.0,0,0,0,0,0,0,0.0
"19/11/2023, 07:57:58.235435",0.0,0.0,0.0,0.0,0.0,0.0,0.0,0.0,0,0,0,0,0,0,0.0
"19/11/2023, 07:57:58.802730",0.0,0.0,0.0,0.0,0.0,0.0,0.0,0.0,0,0,0,0,0,0,0.0
"19/11/2023, 07:57:59.371194",0.0,0.0,0.0,0.0,0.0,0.0,0.0,0.0,0,0,0,0,0,0,0.0
"19/11/2023, 07:57:59.937812",0.0,0.0,0.0,0.0,0.0,0.0,0.0,0.0,0,0,0,0,0,0,0.0
"19/11/2023, 07:58:00.506938",0.0,0.0,0.0,0.0,0.0,0.0,0.0,0.0,0,0,0,0,0,0,0.0
"19/11/2023, 07:58:01.074204",0.0,0.0,0.0,0.0,0.0,0.0,0.0,0.0,0,0,0,0,0,0,0.0
"19/11/2023, 07:58:01.641829",0.0,0.0,0.0,0.0,0.0,0.0,0.0,0.0,0,0,0,0,0,0,0.0
"19/11/2023, 07:58:02.209334",0.0,0.0,0.0,0.0,0.0,0.0,0.0,0.0,0,0,0,0,0,0,0.0
"19/11/2023, 07:58:02.776576",0.0,0.0,0.0,0.0,0.0,0.0,0.0,0.0,0,0,0,0,0,0,0.0
"19/11/2023, 07:58:03.345082",0.0,0.0,0.0,0.0,0.0,0.0,0.0,0.0,0,0,0,0,0,0,0.0
"19/11/2023, 07:58:03.913138",0.0,0.0,0.0,0.0,0.0,0.0,0.0,0.0,0,0,0,0,0,0,0.0
"19/11/2023, 07:58:04.480565",0.0,0.0,0.0,0.0,0.0,0.0,0.0,0.0,0,0,0,0,0,0,0.0
"19/11/2023, 07:58:05.047850",0.0,0.0,0.0,0.0,0.0,0.0,0.0,0.0,0,0,0,0,0,0,0.0
"19/11/2023, 07:58:05.615333",0.0,0.0,0.0,0.0,0.0,0.0,0.0,0.0,0,0,0,0,0,0,0.0
"19/11/2023, 07:58:06.183871",0.0,0.0,0.0,0.0,0.0,0.0,0.0,0.0,0,0,0,0,0,0,0.0
"19/11/2023, 07:58:06.750757",0.0,0.0,0.0,0.0,0.0,0.0,0.0,0.0,0,0,0,0,0,0,0.0
"19/11/2023, 07:58:07.318507",0.0,0.0,0.0,0.0,0.0,0.0,0.0,0.0,0,0,0,0,0,0,0.0
"19/11/2023, 07:58:07.886140",0.0,0.0,0.0,0.0,0.0,0.0,0.0,0.0,0,0,0,0,0,0,0.0
"19/11/2023, 07:58:08.454400",0.0,0.0,0.0,0.0,0.0,0.0,0.0,0.0,0,0,0,0,0,0,0.0
"19/11/2023, 07:58:09.022874",0.0,0.0,0.0,0.0,0.0,0.0,0.0,0.0,0,0,0,0,0,0,0.0
"19/11/2023, 07:58:09.589730",0.0,0.0,0.0,0.0,0.0,0.0,0.0,0.0,0,0,0,0,0,0,0.0
"19/11/2023, 07:58:10.157406",0.0,0.0,0.0,0.0,0.0,0.0,0.0,0.0,0,0,0,0,0,0,0.0
"19/11/2023, 07:58:10.725328",0.0,0.0,0.0,0.0,0.0,0.0,0.0,0.0,0,0,0,0,0,0,0.0
"19/11/2023, 07:58:11.293370",0.0,0.0,0.0,0.0,0.0,0.0,0.0,0.0,0,0,0,0,0,0,0.0
"19/11/2023, 07:58:11.860727",0.0,0.0,0.0,0.0,0.0,0.0,0.0,0.0,0,0,0,0,0,0,0.0
"19/11/2023, 07:58:12.429018",0.0,0.0,0.0,0.0,0.0,0.0,0.0,0.0,0,0,0,0,0,0,0.0
"19/11/2023, 07:58:12.996295",0.0,0.0,0.0,0.0,0.0,0.0,0.0,0.0,0,0,0,0,0,0,0.0
"19/11/2023, 07:58:13.562650",0.0,0.0,0.0,0.0,0.0,0.0,0.0,0.0,0,0,0,0,0,0,0.0
"19/11/2023, 07:58:14.130876",0.0,0.0,0.0,0.0,0.0,0.0,0.0,0.0,0,0,0,0,0,0,0.0
"19/11/2023, 07:58:14.697817",0.0,0.0,0.0,0.0,0.0,0.0,0.0,0.0,0,0,0,0,0,0,0.0
"19/11/2023, 07:58:15.266291",0.0,0.0,0.0,0.0,0.0,0.0,0.0,0.0,0,0,0,0,0,0,0.0
"19/11/2023, 07:58:15.834535",0.0,0.0,0.0,0.0,0.0,0.0,0.0,0.0,0,0,0,0,0,0,0.0
"19/11/2023, 07:58:20.092931",0.0,0.0,0.0,0.0,0.0,0.0,0.0,0.0,0,0,0,0,0,0,0.0
"19/11/2023, 07:58:20.660206",0.0,0.0,0.0,0.0,0.0,0.0,0.0,0.0,0,0,0,0,0,0,0.0
"19/11/2023, 07:58:21.227900",0.0,0.0,0.0,0.0,0.0,0.0,0.0,0.0,0,0,0,0,0,0,0.0
"19/11/2023, 07:58:21.794698",0.0,0.0,0.0,0.0,0.0,0.0,0.0,0.0,0,0,0,0,0,0,0.0
"19/11/2023, 07:58:22.362280",0.0,0.0,0.0,0.0,0.0,0.0,0.0,0.0,0,0,0,0,0,0,0.0
"19/11/2023, 07:58:22.930740",0.0,0.0,0.0,0.0,0.0,0.0,0.0,0.0,0,0,0,0,0,0,0.0
"19/11/2023, 07:58:23.499455",0.0,0.0,0.0,0.0,0.0,0.0,0.0,0.0,0,0,0,0,0,0,0.0
"19/11/2023, 07:58:24.066840",0.0,0.0,0.0,0.0,0.0,0.0,0.0,0.0,0,0,0,0,0,0,0.0
"19/11/2023, 07:58:24.634493",0.0,0.0,0.0,0.0,0.0,0.0,0.0,0.0,0,0,0,0,0,0,0.0
"19/11/2023, 07:58:25.201647",0.0,0.0,0.0,0.0,0.0,0.0,0.0,0.0,0,0,0,0,0,0,0.0
"19/11/2023, 07:58:25.769506",0.0,0.0,0.0,0.0,0.0,0.0,0.0,0.0,0,0,0,0,0,0,0.0
"19/11/2023, 07:58:26.337907",0.0,0.0,0.0,0.0,0.0,0.0,0.0,0.0,0,0,0,0,0,0,0.0
"19/11/2023, 07:58:26.905792",0.0,0.0,0.0,0.0,0.0,0.0,0.0,0.0,0,0,0,0,0,0,0.0
"19/11/2023, 07:58:27.473365",0.0,0.0,0.0,0.0,0.0,0.0,0.0,0.0,0,0,0,0,0,0,0.0
"19/11/2023, 07:58:28.040110",0.0,0.0,0.0,0.0,0.0,0.0,0.0,0.0,0,0,0,0,0,0,0.0
"19/11/2023, 07:58:28.607970",0.0,0.0,0.0,0.0,0.0,0.0,0.0,0.0,0,0,0,0,0,0,0.0
"19/11/2023, 07:58:29.175929",0.0,0.0,0.0,0.0,0.0,0.0,0.0,0.0,0,0,0,0,0,0,0.0
"19/11/2023, 07:58:29.743443",0.0,0.0,0.0,0.0,0.0,0.0,0.0,0.0,0,0,0,0,0,0,0.0
"19/11/2023, 07:58:30.311334",0.0,0.0,0.0,0.0,0.0,0.0,0.0,0.0,0,0,0,0,0,0,0.0
"19/11/2023, 07:58:30.879803",0.0,0.0,0.0,0.0,0.0,0.0,0.0,0.0,0,0,0,0,0,0,0.0
"19/11/2023, 07:58:31.446948",0.0,0.0,0.0,0.0,0.0,0.0,0.0,0.0,0,0,0,0,0,0,0.0
"19/11/2023, 07:58:32.015159",0.0,0.0,0.0,0.0,0.0,0.0,0.0,0.0,0,0,0,0,0,0,0.0
"19/11/2023, 07:58:32.581755",0.0,0.0,0.0,0.0,0.0,0.0,0.0,0.0,0,0,0,0,0,0,0.0
"19/11/2023, 07:58:33.149775",0.0,0.0,0.0,0.0,0.0,0.0,0.0,0.0,0,0,0,0,0,0,0.0
"19/11/2023, 07:58:33.718415",0.0,0.0,0.0,0.0,0.0,0.0,0.0,0.0,0,0,0,0,0,0,0.0
"19/11/2023, 07:58:34.285579",0.0,0.0,0.0,0.0,0.0,0.0,0.0,0.0,0,0,0,0,0,0,0.0
"19/11/2023, 07:58:34.853604",0.0,0.0,0.0,0.0,0.0,0.0,0.0,0.0,0,0,0,0,0,0,0.0
"19/11/2023, 07:58:35.420519",0.0,0.0,0.0,0.0,0.0,0.0,0.0,0.0,0,0,0,0,0,0,0.0
"19/11/2023, 07:58:35.988717",0.0,0.0,0.0,0.0,0.0,0.0,0.0,0.0,0,0,0,0,0,0,0.0
"19/11/2023, 07:58:36.555839",0.0,0.0,0.0,0.0,0.0,0.0,0.0,0.0,0,0,0,0,0,0,0.0
"19/11/2023, 07:58:37.122814",0.0,0.0,0.0,0.0,0.0,0.0,0.0,0.0,0,0,0,0,0,0,0.0
"19/11/2023, 07:58:37.690647",0.0,0.0,0.0,0.0,0.0,0.0,0.0,0.0,0,0,0,0,0,0,0.0
"19/11/2023, 07:58:38.258803",0.0,0.0,0.0,0.0,0.0,0.0,0.0,0.0,0,0,0,0,0,0,0.0
"19/11/2023, 07:58:38.825266",0.0,0.0,0.0,0.0,0.0,0.0,0.0,0.0,0,0,0,0,0,0,0.0
"19/11/2023, 07:58:39.394940",0.0,0.0,0.0,0.0,0.0,0.0,0.0,0.0,0,0,0,0,0,0,0.0
"19/11/2023, 07:58:39.962017",0.0,0.0,0.0,0.0,0.0,0.0,0.0,0.0,0,0,0,0,0,0,0.0
"19/11/2023, 07:58:40.529434",0.0,0.0,0.0,0.0,0.0,0.0,0.0,0.0,0,0,0,0,0,0,0.0
"19/11/2023, 07:58:41.098194",0.0,0.0,0.0,0.0,0.0,0.0,0.0,0.0,0,0,0,0,0,0,0.0
"19/11/2023, 07:58:41.664002",0.0,0.0,0.0,0.0,0.0,0.0,0.0,0.0,0,0,0,0,0,0,0.0
"19/11/2023, 07:58:42.233195",0.0,0.0,0.0,0.0,0.0,0.0,0.0,0.0,0,0,0,0,0,0,0.0
"19/11/2023, 07:58:42.800969",0.0,0.0,0.0,0.0,0.0,0.0,0.0,0.0,0,0,0,0,0,0,0.0
"19/11/2023, 07:58:43.367750",0.0,0.0,0.0,0.0,0.0,0.0,0.0,0.0,0,0,0,0,0,0,0.0
"19/11/2023, 07:58:43.936435",0.0,0.0,0.0,0.0,0.0,0.0,0.0,0.0,0,0,0,0,0,0,0.0
"19/11/2023, 07:58:44.504401",0.0,0.0,0.0,0.0,0.0,0.0,0.0,0.0,0,0,0,0,0,0,0.0
"19/11/2023, 07:58:45.069992",0.0,0.0,0.0,0.0,0.0,0.0,0.0,0.0,0,0,0,0,0,0,0.0
"19/11/2023, 07:58:45.638989",0.0,0.0,0.0,0.0,0.0,0.0,0.0,0.0,0,0,0,0,0,0,0.0
"19/11/2023, 07:58:46.206742",0.0,0.0,0.0,0.0,0.0,0.0,0.0,0.0,0,0,0,0,0,0,0.0
"19/11/2023, 07:58:46.775306",0.0,0.0,0.0,0.0,0.0,0.0,0.0,0.0,0,0,0,0,0,0,0.0
"19/11/2023, 07:58:47.341739",0.0,0.0,0.0,0.0,0.0,0.0,0.0,0.0,0,0,0,0,0,0,0.0
"19/11/2023, 07:58:47.909445",0.0,0.0,0.0,0.0,0.0,0.0,0.0,0.0,0,0,0,0,0,0,0.0
"19/11/2023, 07:58:48.478274",0.0,0.0,0.0,0.0,0.0,0.0,0.0,0.0,0,0,0,0,0,0,0.0
"19/11/2023, 07:58:49.045562",0.0,0.0,0.0,0.0,0.0,0.0,0.0,0.0,0,0,0,0,0,0,0.0
"19/11/2023, 07:58:49.612478",0.0,0.0,0.0,0.0,0.0,0.0,0.0,0.0,0,0,0,0,0,0,0.0
"19/11/2023, 07:58:50.180904",0.0,0.0,0.0,0.0,0.0,0.0,0.0,0.0,0,0,0,0,0,0,0.0
"19/11/2023, 07:58:50.748292",0.0,0.0,0.0,0.0,0.0,0.0,0.0,0.0,0,0,0,0,0,0,0.0
"19/11/2023, 07:58:51.316545",0.0,0.0,0.0,0.0,0.0,0.0,0.0,0.0,0,0,0,0,0,0,0.0
"19/11/2023, 07:58:51.883786",0.0,0.0,0.0,0.0,0.0,0.0,0.0,0.0,0,0,0,0,0,0,0.0
"19/11/2023, 07:58:52.450264",0.0,0.0,0.0,0.0,0.0,0.0,0.0,0.0,0,0,0,0,0,0,0.0
"19/11/2023, 07:58:53.018651",0.0,0.0,0.0,0.0,0.0,0.0,0.0,0.0,0,0,0,0,0,0,0.0
"19/11/2023, 07:58:53.586433",0.0,0.0,0.0,0.0,0.0,0.0,0.0,0.0,0,0,0,0,0,0,0.0
"19/11/2023, 07:58:54.155128",0.0,0.0,0.0,0.0,0.0,0.0,0.0,0.0,0,0,0,0,0,0,0.0
"19/11/2023, 07:58:54.722400",0.0,0.0,0.0,0.0,0.0,0.0,0.0,0.0,0,0,0,0,0,0,0.0
"19/11/2023, 07:58:55.289944",0.0,0.0,0.0,0.0,0.0,0.0,0.0,0.0,0,0,0,0,0,0,0.0
"19/11/2023, 07:58:55.857422",0.0,0.0,0.0,0.0,0.0,0.0,0.0,0.0,0,0,0,0,0,0,0.0
"19/11/2023, 07:58:56.425593",0.0,0.0,0.0,0.0,0.0,0.0,0.0,0.0,0,0,0,0,0,0,0.0
"19/11/2023, 07:58:56.993737",0.0,0.0,0.0,0.0,0.0,0.0,0.0,0.0,0,0,0,0,0,0,0.0
"19/11/2023, 07:58:57.561345",0.0,0.0,0.0,0.0,0.0,0.0,0.0,0.0,0,0,0,0,0,0,0.0
"19/11/2023, 07:58:58.128565",0.0,0.0,0.0,0.0,0.0,0.0,0.0,0.0,0,0,0,0,0,0,0.0
"19/11/2023, 07:58:58.697514",0.0,0.0,0.0,0.0,0.0,0.0,0.0,0.0,0,0,0,0,0,0,0.0
"19/11/2023, 07:58:59.263260",0.0,0.0,0.0,0.0,0.0,0.0,0.0,0.0,0,0,0,0,0,0,0.0
"19/11/2023, 07:58:59.831445",0.0,0.0,0.0,0.0,0.0,0.0,0.0,0.0,0,0,0,0,0,0,0.0
"19/11/2023, 07:59:00.399561",0.0,0.0,0.0,0.0,0.0,0.0,0.0,0.0,0,0,0,0,0,0,0.0
"19/11/2023, 07:59:00.966236",0.0,0.0,0.0,0.0,0.0,0.0,0.0,0.0,0,0,0,0,0,0,0.0
"19/11/2023, 07:59:01.534695",0.0,0.0,0.0,0.0,0.0,0.0,0.0,0.0,0,0,0,0,0,0,0.0
"19/11/2023, 07:59:02.103409",0.0,0.0,0.0,0.0,0.0,0.0,0.0,0.0,0,0,0,0,0,0,0.0
"19/11/2023, 07:59:02.670213",0.0,0.0,0.0,0.0,0.0,0.0,0.0,0.0,0,0,0,0,0,0,0.0
"19/11/2023, 07:59:03.239369",0.0,0.0,0.0,0.0,0.0,0.0,0.0,0.0,0,0,0,0,0,0,0.0
"19/11/2023, 07:59:03.805638",0.0,0.0,0.0,0.0,0.0,0.0,0.0,0.0,0,0,0,0,0,0,0.0
"19/11/2023, 07:59:04.373165",0.0,0.0,0.0,0.0,0.0,0.0,0.0,0.0,0,0,0,0,0,0,0.0
"19/11/2023, 07:59:04.941960",0.0,0.0,0.0,0.0,0.0,0.0,0.0,0.0,0,0,0,0,0,0,0.0
"19/11/2023, 07:59:05.509555",0.0,0.0,0.0,0.0,0.0,0.0,0.0,0.0,0,0,0,0,0,0,0.0
"19/11/2023, 07:59:06.077378",0.0,0.0,0.0,0.0,0.0,0.0,0.0,0.0,0,0,0,0,0,0,0.0
"19/11/2023, 07:59:06.644223",0.0,0.0,0.0,0.0,0.0,0.0,0.0,0.0,0,0,0,0,0,0,0.0
"19/11/2023, 07:59:07.212525",0.0,0.0,0.0,0.0,0.0,0.0,0.0,0.0,0,0,0,0,0,0,0.0
"19/11/2023, 07:59:07.779963",0.0,0.0,0.0,0.0,0.0,0.0,0.0,0.0,0,0,0,0,0,0,0.0
"19/11/2023, 07:59:08.347625",0.0,0.0,0.0,0.0,0.0,0.0,0.0,0.0,0,0,0,0,0,0,0.0
"19/11/2023, 07:59:08.916245",0.0,0.0,0.0,0.0,0.0,0.0,0.0,0.0,0,0,0,0,0,0,0.0
"19/11/2023, 07:59:09.483682",0.0,0.0,0.0,0.0,0.0,0.0,0.0,0.0,0,0,0,0,0,0,0.0
"19/11/2023, 07:59:10.049560",0.0,0.0,0.0,0.0,0.0,0.0,0.0,0.0,0,0,0,0,0,0,0.0
"19/11/2023, 07:59:10.618338",0.0,0.0,0.0,0.0,0.0,0.0,0.0,0.0,0,0,0,0,0,0,0.0
"19/11/2023, 07:59:11.186504",0.0,0.0,0.0,0.0,0.0,0.0,0.0,0.0,0,0,0,0,0,0,0.0
"19/11/2023, 07:59:11.755159",0.0,0.0,0.0,0.0,0.0,0.0,0.0,0.0,0,0,0,0,0,0,0.0
"19/11/2023, 07:59:12.322146",0.0,0.0,0.0,0.0,0.0,0.0,0.0,0.0,0,0,0,0,0,0,0.0
"19/11/2023, 07:59:12.889271",0.0,0.0,0.0,0.0,0.0,0.0,0.0,0.0,0,0,0,0,0,0,0.0
"19/11/2023, 07:59:13.456824",0.0,0.0,0.0,0.0,0.0,0.0,0.0,0.0,0,0,0,0,0,0,0.0
"19/11/2023, 07:59:14.025169",0.0,0.0,0.0,0.0,0.0,0.0,0.0,0.0,0,0,0,0,0,0,0.0
"19/11/2023, 07:59:14.592199",0.0,0.0,0.0,0.0,0.0,0.0,0.0,0.0,0,0,0,0,0,0,0.0
"19/11/2023, 07:59:15.160303",0.0,0.0,0.0,0.0,0.0,0.0,0.0,0.0,0,0,0,0,0,0,0.0
"19/11/2023, 07:59:15.727628",0.0,0.0,0.0,0.0,0.0,0.0,0.0,0.0,0,0,0,0,0,0,0.0
"19/11/2023, 07:59:16.296496",0.0,0.0,0.0,0.0,0.0,0.0,0.0,0.0,0,0,0,0,0,0,0.0
"19/11/2023, 07:59:16.863473",0.0,0.0,0.0,0.0,0.0,0.0,0.0,0.0,0,0,0,0,0,0,0.0
"19/11/2023, 07:59:17.431639",0.0,0.0,0.0,0.0,0.0,0.0,0.0,0.0,0,0,0,0,0,0,0.0
"19/11/2023, 07:59:17.999133",0.0,0.0,0.0,0.0,0.0,0.0,0.0,0.0,0,0,0,0,0,0,0.0
"19/11/2023, 07:59:18.566770",0.0,0.0,0.0,0.0,0.0,0.0,0.0,0.0,0,0,0,0,0,0,0.0
"19/11/2023, 07:59:19.134425",0.0,0.0,0.0,0.0,0.0,0.0,0.0,0.0,0,0,0,0,0,0,0.0
"19/11/2023, 07:59:19.702116",0.0,0.0,0.0,0.0,0.0,0.0,0.0,0.0,0,0,0,0,0,0,0.0
"19/11/2023, 07:59:20.269904",0.0,0.0,0.0,0.0,0.0,0.0,0.0,0.0,0,0,0,0,0,0,0.0
"19/11/2023, 07:59:20.838414",0.0,0.0,0.0,0.0,0.0,0.0,0.0,0.0,0,0,0,0,0,0,0.0
"19/11/2023, 07:59:21.406592",0.0,0.0,0.0,0.0,0.0,0.0,0.0,0.0,0,0,0,0,0,0,0.0
"19/11/2023, 07:59:21.973788",0.0,0.0,0.0,0.0,0.0,0.0,0.0,0.0,0,0,0,0,0,0,0.0
"19/11/2023, 07:59:22.540746",0.0,0.0,0.0,0.0,0.0,0.0,0.0,0.0,0,0,0,0,0,0,0.0
"19/11/2023, 07:59:23.109020",0.0,0.0,0.0,0.0,0.0,0.0,0.0,0.0,0,0,0,0,0,0,0.0
"19/11/2023, 07:59:23.677161",0.0,0.0,0.0,0.0,0.0,0.0,0.0,0.0,0,0,0,0,0,0,0.0
"19/11/2023, 07:59:24.244382",0.0,0.0,0.0,0.0,0.0,0.0,0.0,0.0,0,0,0,0,0,0,0.0
"19/11/2023, 07:59:24.812344",0.0,0.0,0.0,0.0,0.0,0.0,0.0,0.0,0,0,0,0,0,0,0.0
"19/11/2023, 07:59:25.380126",0.0,0.0,0.0,0.0,0.0,0.0,0.0,0.0,0,0,0,0,0,0,0.0
"19/11/2023, 07:59:25.947502",0.0,0.0,0.0,0.0,0.0,0.0,0.0,0.0,0,0,0,0,0,0,0.0
"19/11/2023, 07:59:26.514897",0.0,0.0,0.0,0.0,0.0,0.0,0.0,0.0,0,0,0,0,0,0,0.0
"19/11/2023, 07:59:27.083597",0.0,0.0,0.0,0.0,0.0,0.0,0.0,0.0,0,0,0,0,0,0,0.0
"19/11/2023, 07:59:27.650945",0.0,0.0,0.0,0.0,0.0,0.0,0.0,0.0,0,0,0,0,0,0,0.0
"19/11/2023, 07:59:28.219310",0.0,0.0,0.0,0.0,0.0,0.0,0.0,0.0,0,0,0,0,0,0,0.0
"19/11/2023, 07:59:28.786813",0.0,0.0,0.0,0.0,0.0,0.0,0.0,0.0,0,0,0,0,0,0,0.0
"19/11/2023, 07:59:29.353683",0.0,0.0,0.0,0.0,0.0,0.0,0.0,0.0,0,0,0,0,0,0,0.0
"19/11/2023, 07:59:29.921995",0.0,0.0,0.0,0.0,0.0,0.0,0.0,0.0,0,0,0,0,0,0,0.0
"19/11/2023, 07:59:30.489433",0.0,0.0,0.0,0.0,0.0,0.0,0.0,0.0,0,0,0,0,0,0,0.0
"19/11/2023, 07:59:31.055263",0.0,0.0,0.0,0.0,0.0,0.0,0.0,0.0,0,0,0,0,0,0,0.0
"19/11/2023, 07:59:31.624751",0.0,0.0,0.0,0.0,0.0,0.0,0.0,0.0,0,0,0,0,0,0,0.0
"19/11/2023, 07:59:32.192662",0.0,0.0,0.0,0.0,0.0,0.0,0.0,0.0,0,0,0,0,0,0,0.0
"19/11/2023, 07:59:32.760297",0.0,0.0,0.0,0.0,0.0,0.0,0.0,0.0,0,0,0,0,0,0,0.0
"19/11/2023, 07:59:33.327707",0.0,0.0,0.0,0.0,0.0,0.0,0.0,0.0,0,0,0,0,0,0,0.0
"19/11/2023, 07:59:33.895130",0.0,0.0,0.0,0.0,0.0,0.0,0.0,0.0,0,0,0,0,0,0,0.0
"19/11/2023, 07:59:34.463024",0.0,0.0,0.0,0.0,0.0,0.0,0.0,0.0,0,0,0,0,0,0,0.0
"19/11/2023, 07:59:35.031049",0.0,0.0,0.0,0.0,0.0,0.0,0.0,0.0,0,0,0,0,0,0,0.0
"19/11/2023, 07:59:35.598931",0.0,0.0,0.0,0.0,0.0,0.0,0.0,0.0,0,0,0,0,0,0,0.0
"19/11/2023, 07:59:36.166153",0.0,0.0,0.0,0.0,0.0,0.0,0.0,0.0,0,0,0,0,0,0,0.0
"19/11/2023, 07:59:36.732939",0.0,0.0,0.0,0.0,0.0,0.0,0.0,0.0,0,0,0,0,0,0,0.0
"19/11/2023, 07:59:37.301496",0.0,0.0,0.0,0.0,0.0,0.0,0.0,0.0,0,0,0,0,0,0,0.0
"19/11/2023, 07:59:37.869873",0.0,0.0,0.0,0.0,0.0,0.0,0.0,0.0,0,0,0,0,0,0,0.0
"19/11/2023, 07:59:38.437409",0.0,0.0,0.0,0.0,0.0,0.0,0.0,0.0,0,0,0,0,0,0,0.0
"19/11/2023, 07:59:39.005937",0.0,0.0,0.0,0.0,0.0,0.0,0.0,0.0,0,0,0,0,0,0,0.0
"19/11/2023, 07:59:39.572901",0.0,0.0,0.0,0.0,0.0,0.0,0.0,0.0,0,0,0,0,0,0,0.0
"19/11/2023, 07:59:40.141912",0.0,0.0,0.0,0.0,0.0,0.0,0.0,0.0,0,0,0,0,0,0,0.0
"19/11/2023, 07:59:40.707891",0.0,0.0,0.0,0.0,0.0,0.0,0.0,0.0,0,0,0,0,0,0,0.0
"19/11/2023, 07:59:41.275747",0.0,0.0,0.0,0.0,0.0,0.0,0.0,0.0,0,0,0,0,0,0,0.0
"19/11/2023, 07:59:41.844603",0.0,0.0,0.0,0.0,0.0,0.0,0.0,0.0,0,0,0,0,0,0,0.0
"19/11/2023, 07:59:42.410987",0.0,0.0,0.0,0.0,0.0,0.0,0.0,0.0,0,0,0,0,0,0,0.0
"19/11/2023, 07:59:42.979434",0.0,0.0,0.0,0.0,0.0,0.0,0.0,0.0,0,0,0,0,0,0,0.0
"19/11/2023, 07:59:43.546356",0.0,0.0,0.0,0.0,0.0,0.0,0.0,0.0,0,0,0,0,0,0,0.0
"19/11/2023, 07:59:44.113822",0.0,0.0,0.0,0.0,0.0,0.0,0.0,0.0,0,0,0,0,0,0,0.0
"19/11/2023, 07:59:44.682996",0.0,0.0,0.0,0.0,0.0,0.0,0.0,0.0,0,0,0,0,0,0,0.0
"19/11/2023, 07:59:45.250359",0.0,0.0,0.0,0.0,0.0,0.0,0.0,0.0,0,0,0,0,0,0,0.0
"19/11/2023, 07:59:45.817807",0.0,0.0,0.0,0.0,0.0,0.0,0.0,0.0,0,0,0,0,0,0,0.0
"19/11/2023, 07:59:46.385726",0.0,0.0,0.0,0.0,0.0,0.0,0.0,0.0,0,0,0,0,0,0,0.0
"19/11/2023, 07:59:46.953354",0.0,0.0,0.0,0.0,0.0,0.0,0.0,0.0,0,0,0,0,0,0,0.0
"19/11/2023, 07:59:47.521435",0.0,0.0,0.0,0.0,0.0,0.0,0.0,0.0,0,0,0,0,0,0,0.0
"19/11/2023, 07:59:48.088630",0.0,0.0,0.0,0.0,0.0,0.0,0.0,0.0,0,0,0,0,0,0,0.0
"19/11/2023, 07:59:48.656117",0.0,0.0,0.0,0.0,0.0,0.0,0.0,0.0,0,0,0,0,0,0,0.0
"19/11/2023, 07:59:49.224648",0.0,0.0,0.0,0.0,0.0,0.0,0.0,0.0,0,0,0,0,0,0,0.0
"19/11/2023, 07:59:49.790635",0.0,0.0,0.0,0.0,0.0,0.0,0.0,0.0,0,0,0,0,0,0,0.0
"19/11/2023, 07:59:50.358804",0.0,0.0,0.0,0.0,0.0,0.0,0.0,0.0,0,0,0,0,0,0,0.0
"19/11/2023, 07:59:50.926836",0.0,0.0,0.0,0.0,0.0,0.0,0.0,0.0,0,0,0,0,0,0,0.0
"19/11/2023, 07:59:51.494318",0.0,0.0,0.0,0.0,0.0,0.0,0.0,0.0,0,0,0,0,0,0,0.0
"19/11/2023, 07:59:52.062637",0.0,0.0,0.0,0.0,0.0,0.0,0.0,0.0,0,0,0,0,0,0,0.0
"19/11/2023, 07:59:52.628852",0.0,0.0,0.0,0.0,0.0,0.0,0.0,0.0,0,0,0,0,0,0,0.0
"19/11/2023, 07:59:53.196380",0.0,0.0,0.0,0.0,0.0,0.0,0.0,0.0,0,0,0,0,0,0,0.0
"19/11/2023, 07:59:53.765599",0.0,0.0,0.0,0.0,0.0,0.0,0.0,0.0,0,0,0,0,0,0,0.0
"19/11/2023, 07:59:54.333646",0.0,0.0,0.0,0.0,0.0,0.0,0.0,0.0,0,0,0,0,0,0,0.0
"19/11/2023, 07:59:54.901293",0.0,0.0,0.0,0.0,0.0,0.0,0.0,0.0,0,0,0,0,0,0,0.0
"19/11/2023, 07:59:55.467568",0.0,0.0,0.0,0.0,0.0,0.0,0.0,0.0,0,0,0,0,0,0,0.0
"19/11/2023, 07:59:56.035698",0.0,0.0,0.0,0.0,0.0,0.0,0.0,0.0,0,0,0,0,0,0,0.0
"19/11/2023, 07:59:56.604466",0.0,0.0,0.0,0.0,0.0,0.0,0.0,0.0,0,0,0,0,0,0,0.0
"19/11/2023, 07:59:57.171717",0.0,0.0,0.0,0.0,0.0,0.0,0.0,0.0,0,0,0,0,0,0,0.0
"19/11/2023, 07:59:57.739430",0.0,0.0,0.0,0.0,0.0,0.0,0.0,0.0,0,0,0,0,0,0,0.0
"19/11/2023, 07:59:58.307773",0.0,0.0,0.0,0.0,0.0,0.0,0.0,0.0,0,0,0,0,0,0,0.0
"19/11/2023, 07:59:58.874230",0.0,0.0,0.0,0.0,0.0,0.0,0.0,0.0,0,0,0,0,0,0,0.0
"19/11/2023, 07:59:59.443070",0.0,0.0,0.0,0.0,0.0,0.0,0.0,0.0,0,0,0,0,0,0,0.0
"19/11/2023, 08:00:00.010609",0.0,0.0,0.0,0.0,0.0,0.0,0.0,0.0,0,0,0,0,0,0,0.0
"19/11/2023, 08:00:00.577929",0.0,0.0,0.0,0.0,0.0,0.0,0.0,0.0,0,0,0,0,0,0,0.0
"19/11/2023, 08:00:01.145916",0.0,0.0,0.0,0.0,0.0,0.0,0.0,0.0,0,0,0,0,0,0,0.0
"19/11/2023, 08:00:01.713609",0.0,0.0,0.0,0.0,0.0,0.0,0.0,0.0,0,0,0,0,0,0,0.0
"19/11/2023, 08:00:02.282327",0.0,0.0,0.0,0.0,0.0,0.0,0.0,0.0,0,0,0,0,0,0,0.0
